STATION,DATE,FT NAVD88,M NAVD88,FLOODCLASS,STORMNAME,TYPE,STATIONLAT,STATIONLONG,REGION,YEAR,DOWNSTREAM KM
BUCHANAN,5/12/24,21.5,6.55,MODERATE,NT1,NT,37.530556,-79.679167,MOUNTAIN,1924,57.7
CARTERSVILLE,5/13/24,24.7,7.81,MODERATE,NT1,NT,37.670833,-78.086111,PIEDMONT,1924,291
RICHLOCKS,5/14/24,20.1,6.13,MODERATE,NT1,NT,37.525,-77.421111,PIEDMONT,1924,367.3
CARTERSVILLE,10/1/24,24.38,7.71,MODERATE,NOT_NAMED165,AT,37.670833,-78.086111,PIEDMONT,1924,291
SCOTTSVILLE,1/19/26,15.8,4.82,ACTION,NT2,NT,37.797222,-78.491667,PIEDMONT,1926,240.3
CARTERSVILLE,1/19/26,15.25,4.93,ACTION,NT2,NT,37.670833,-78.086111,PIEDMONT,1926,291
LICKRUN,12/26/26,20,6.1,FLOOD,NT3,NT,37.773611,-79.784444,MOUNTAIN,1926,0
BUCHANAN,12/26/26,16,4.88,ACTION,NT3,NT,37.530556,-79.679167,MOUNTAIN,1926,57.7
CARTERSVILLE,12/28/26,16.2,5.22,ACTION,NT3,NT,37.670833,-78.086111,PIEDMONT,1926,291
SCOTTSVILLE,2/19/27,15.68,4.78,ACTION,NT4,NT,37.797222,-78.491667,PIEDMONT,1927,240.3
BUCHANAN,8/16/28,16.53,5.04,ACTION,NOT_NAMED174,GT,37.530556,-79.679167,MOUNTAIN,1928,57.7
BENTCREEK,8/17/28,18.8,5.73,MODERATE,NOT_NAMED174,GT,37.536111,-78.829722,PIEDMONT,1928,177.8
CARTERSVILLE,8/18/28,23.8,7.54,MODERATE,NOT_NAMED174,GT,37.670833,-78.086111,PIEDMONT,1928,291
RICHLOCKS,8/18/28,17,5.18,FLOOD,NOT_NAMED174,GT,37.525,-77.421111,PIEDMONT,1928,367.3
LICKRUN,2/28/29,15.1,4.6,ACTION,NT5,NT,37.773611,-79.784444,MOUNTAIN,1929,0
SCOTTSVILLE,2/28/29,15.9,4.85,ACTION,NT5,NT,37.797222,-78.491667,PIEDMONT,1929,240.3
CARTERSVILLE,4/17/29,17.66,5.66,ACTION,NT6,NT,37.670833,-78.086111,PIEDMONT,1929,291
LICKRUN,11/18/29,17.75,5.41,FLOOD,NT7,NT,37.773611,-79.784444,MOUNTAIN,1929,0
BUCHANAN,11/19/29,16.5,5.03,ACTION,NT7,NT,37.530556,-79.679167,MOUNTAIN,1929,57.7
SCOTTSVILLE,11/19/29,16.12,4.91,ACTION,NT7,NT,37.797222,-78.491667,PIEDMONT,1929,240.3
CARTERSVILLE,11/19/29,15.82,5.1,ACTION,NT7,NT,37.670833,-78.086111,PIEDMONT,1929,291
LICKRUN,2/5/32,18.14,5.53,FLOOD,NT8,NT,37.773611,-79.784444,MOUNTAIN,1932,0
BUCHANAN,2/5/32,15.3,4.66,ACTION,NT8,NT,37.530556,-79.679167,MOUNTAIN,1932,57.7
CARTERSVILLE,3/7/32,17.13,5.5,ACTION,NT9,NT,37.670833,-78.086111,PIEDMONT,1932,291
SCOTTSVILLE,3/30/32,13.14,4.01,ACTION,NT10,NT,37.797222,-78.491667,PIEDMONT,1932,240.3
HOLCOMBROCK,10/17/32,19.42,5.92,ACTION,NOT_NAMED180,GT,37.501111,-79.262778,PIEDMONT,1932,112.3
BENTCREEK,10/18/32,15.32,4.67,ACTION,NOT_NAMED180,GT,37.536111,-78.829722,PIEDMONT,1932,177.8
SCOTTSVILLE,10/18/32,18.45,5.62,ACTION,NOT_NAMED180,GT,37.797222,-78.491667,PIEDMONT,1932,240.3
CARTERSVILLE,10/18/32,21.54,6.85,FLOOD,NOT_NAMED180,GT,37.670833,-78.086111,PIEDMONT,1932,291
RICHLOCKS,10/19/32,14.2,4.33,FLOOD,NOT_NAMED180,GT,37.525,-77.421111,PIEDMONT,1932,367.3
RICHLOCKS,4/19/33,14.1,4.3,FLOOD,NT11,NT,37.525,-77.421111,PIEDMONT,1933,367.3
SEWELLS,8/23/33,8.02,1.95,MAJOR,NOT_NAMED181,AT,36.946667,-76.33,COASTAL,1933,532
SEWELLS,9/16/33,6.12,1.38,MODERATE,NOT_NAMED183,AT,36.946667,-76.33,COASTAL,1933,532
CARTERSVILLE,3/5/34,15.93,5.14,ACTION,NT12,NT,37.670833,-78.086111,PIEDMONT,1934,291
SCOTTSVILLE,3/29/34,14.7,4.48,ACTION,NT13,NT,37.797222,-78.491667,PIEDMONT,1934,240.3
CARTERSVILLE,12/2/34,24.95,7.89,MODERATE,NT14,NT,37.670833,-78.086111,PIEDMONT,1934,291
RICHWEST,12/3/34,19.08,6.13,MODERATE,NT14,NT,37.563056,-77.547222,PIEDMONT,1934,354.6
RICHLOCKS,12/3/34,19.7,6,MODERATE,NT14,NT,37.525,-77.421111,PIEDMONT,1934,367.3
LICKRUN,1/23/35,22.98,7,MODERATE,NT15,NT,37.773611,-79.784444,MOUNTAIN,1935,0
BUCHANAN,1/23/35,23.82,7.26,MODERATE,NT15,NT,37.530556,-79.679167,MOUNTAIN,1935,57.7
HOLCOMBROCK,1/23/35,26.61,8.11,MODERATE,NT15,NT,37.501111,-79.262778,PIEDMONT,1935,112.3
BENTCREEK,1/24/35,20.22,6.16,MODERATE,NT15,NT,37.536111,-78.829722,PIEDMONT,1935,177.8
RICHWEST,1/25/35,18.57,5.97,MODERATE,NT15,NT,37.563056,-77.547222,PIEDMONT,1935,354.6
SCOTTSVILLE,9/6/35,23.06,7.03,MODERATE,NOT_NAMED189,GT,37.797222,-78.491667,PIEDMONT,1935,240.3
CARTERSVILLE,9/6/35,27.8,8.76,MAJOR,NOT_NAMED189,GT,37.670833,-78.086111,PIEDMONT,1935,291
RICHWEST,9/7/35,21.01,6.72,MODERATE,NOT_NAMED189,GT,37.563056,-77.547222,PIEDMONT,1935,354.6
RICHLOCKS,9/7/35,23.65,7.21,MODERATE,NOT_NAMED189,GT,37.525,-77.421111,PIEDMONT,1935,367.3
RICHWEST,1/4/36,16.75,5.42,MODERATE,NT16,NT,37.563056,-77.547222,PIEDMONT,1936,354.6
RICHWEST,1/21/36,16.7,5.4,MODERATE,NT17,NT,37.563056,-77.547222,PIEDMONT,1936,354.6
RICHWEST,2/17/36,14.68,4.79,FLOOD,NT18,NT,37.563056,-77.547222,PIEDMONT,1936,354.6
LICKRUN,3/18/36,25.65,7.82,MAJOR,NT19,NT,37.773611,-79.784444,MOUNTAIN,1936,0
BUCHANAN,3/18/36,26.8,8.17,MAJOR,NT19,NT,37.530556,-79.679167,MOUNTAIN,1936,57.7
HOLCOMBROCK,3/18/36,30.78,9.38,MAJOR,NT19,NT,37.501111,-79.262778,PIEDMONT,1936,112.3
BENTCREEK,3/18/36,23.02,7.02,MAJOR,NT19,NT,37.536111,-78.829722,PIEDMONT,1936,177.8
SCOTTSVILLE,3/19/36,25.46,7.76,MAJOR,NT19,NT,37.797222,-78.491667,PIEDMONT,1936,240.3
CARTERSVILLE,3/19/36,28.77,9.05,MAJOR,NT19,NT,37.670833,-78.086111,PIEDMONT,1936,291
RICHWEST,3/19/36,23.42,7.45,MAJOR,NT19,NT,37.563056,-77.547222,PIEDMONT,1936,354.6
RICHLOCKS,3/30/36,26.5,8.08,MODERATE,NT20,NT,37.525,-77.421111,PIEDMONT,1936,367.3
SEWELLS,9/18/36,6.72,1.56,MAJOR,NOT_NAMED191,AT,36.946667,-76.33,COASTAL,1936,532
RICHWEST,1/4/37,15.25,4.96,MODERATE,NT21,NT,37.563056,-77.547222,PIEDMONT,1937,354.6
LICKRUN,1/21/37,17.45,5.32,FLOOD,NT22,NT,37.773611,-79.784444,MOUNTAIN,1937,0
BUCHANAN,1/21/37,17.12,5.22,FLOOD,NT22,NT,37.530556,-79.679167,MOUNTAIN,1937,57.7
HOLCOMBROCK,1/21/37,21.15,6.45,ACTION,NT22,NT,37.501111,-79.262778,PIEDMONT,1937,112.3
BENTCREEK,1/21/37,15.64,4.77,ACTION,NT22,NT,37.536111,-78.829722,PIEDMONT,1937,177.8
CARTERSVILLE,1/22/37,20.25,6.45,FLOOD,NT22,NT,37.670833,-78.086111,PIEDMONT,1937,291
RICHWEST,1/22/37,15.95,5.17,MODERATE,NT22,NT,37.563056,-77.547222,PIEDMONT,1937,354.6
CARTERSVILLE,4/26/37,27.73,8.73,MAJOR,NT23,NT,37.670833,-78.086111,PIEDMONT,1937,291
RICHWEST,4/27/37,22.65,7.22,MAJOR,NT23,NT,37.563056,-77.547222,PIEDMONT,1937,354.6
RICHLOCKS,4/27/37,25.2,7.68,MODERATE,NT23,NT,37.525,-77.421111,PIEDMONT,1937,367.3
BUCHANAN,10/20/37,15.36,4.68,ACTION,NT24,NT,37.530556,-79.679167,MOUNTAIN,1937,57.7
HOLCOMBROCK,10/20/37,22.52,6.86,FLOOD,NT24,NT,37.501111,-79.262778,PIEDMONT,1937,112.3
BENTCREEK,10/20/37,16.76,5.11,FLOOD,NT24,NT,37.536111,-78.829722,PIEDMONT,1937,177.8
SCOTTSVILLE,10/20/37,22.33,6.81,MODERATE,NT24,NT,37.797222,-78.491667,PIEDMONT,1937,240.3
CARTERSVILLE,10/21/37,24.34,7.7,MODERATE,NT24,NT,37.670833,-78.086111,PIEDMONT,1937,291
RICHWEST,10/21/37,18.2,5.86,MODERATE,NT24,NT,37.563056,-77.547222,PIEDMONT,1937,354.6
LICKRUN,10/28/37,15.78,4.81,ACTION,NT25,NT,37.773611,-79.784444,MOUNTAIN,1937,0
RICHWEST,10/30/37,13.55,4.44,FLOOD,NT25,NT,37.563056,-77.547222,PIEDMONT,1937,354.6
LICKRUN,1/31/39,16.98,5.18,FLOOD,NT26,NT,37.773611,-79.784444,MOUNTAIN,1939,0
BUCHANAN,1/31/39,15.63,4.76,ACTION,NT26,NT,37.530556,-79.679167,MOUNTAIN,1939,57.7
SCOTTSVILLE,8/19/39,19.71,6.01,ACTION,NOT_NAMED198,GT,37.797222,-78.491667,PIEDMONT,1939,240.3
CARTERSVILLE,8/20/39,19.12,6.11,ACTION,NOT_NAMED198,GT,37.670833,-78.086111,PIEDMONT,1939,291
RICHWEST,8/20/39,14.37,4.69,FLOOD,NOT_NAMED198,GT,37.563056,-77.547222,PIEDMONT,1939,354.6
RICHWEST,4/9/40,13.02,4.28,FLOOD,NT27,NT,37.563056,-77.547222,PIEDMONT,1940,354.6
LICKRUN,5/31/40,16.12,4.91,FLOOD,NT28,NT,37.773611,-79.784444,MOUNTAIN,1940,0
BUCHANAN,5/31/40,17,5.18,FLOOD,NT28,NT,37.530556,-79.679167,MOUNTAIN,1940,57.7
RICHWEST,6/2/40,13.5,4.43,FLOOD,NT29,NT,37.563056,-77.547222,PIEDMONT,1940,354.6
HOLCOMBROCK,8/16/40,24.25,7.39,MODERATE,NOT_NAMED200,AT,37.501111,-79.262778,PIEDMONT,1940,112.3
BENTCREEK,8/16/40,19.63,5.98,MODERATE,NOT_NAMED200,AT,37.536111,-78.829722,PIEDMONT,1940,177.8
SCOTTSVILLE,8/16/40,25.84,7.88,MAJOR,NOT_NAMED200,AT,37.797222,-78.491667,PIEDMONT,1940,240.3
CARTERSVILLE,8/17/40,28.34,8.92,MAJOR,NOT_NAMED200,AT,37.670833,-78.086111,PIEDMONT,1940,291
RICHWEST,8/18/40,21.8,6.96,MODERATE,NOT_NAMED200,AT,37.563056,-77.547222,PIEDMONT,1940,354.6
RICHLOCKS,8/18/40,23.3,7.1,MODERATE,NOT_NAMED200,AT,37.525,-77.421111,PIEDMONT,1940,367.3
RICHWEST,4/6/41,11.93,3.95,ACTION,NT30,NT,37.563056,-77.547222,PIEDMONT,1941,354.6
SCOTTSVILLE,7/9/41,12.07,3.68,ACTION,NT31,NT,37.797222,-78.491667,PIEDMONT,1941,240.3
LICKRUN,5/17/42,21.1,6.43,FLOOD,NT32,NT,37.773611,-79.784444,MOUNTAIN,1942,0
BUCHANAN,5/17/42,19.56,5.96,FLOOD,NT32,NT,37.530556,-79.679167,MOUNTAIN,1942,57.7
HOLCOMBROCK,5/22/42,24.62,7.5,MODERATE,NT33,NT,37.501111,-79.262778,PIEDMONT,1942,112.3
BENTCREEK,5/23/42,18.34,5.59,MODERATE,NT33,NT,37.536111,-78.829722,PIEDMONT,1942,177.8
SCOTTSVILLE,5/23/42,21.44,6.53,FLOOD,NT33,NT,37.797222,-78.491667,PIEDMONT,1942,240.3
CARTERSVILLE,5/24/42,20.8,6.62,FLOOD,NT33,NT,37.670833,-78.086111,PIEDMONT,1942,291
RICHWEST,5/24/42,15.74,5.11,MODERATE,NT33,NT,37.563056,-77.547222,PIEDMONT,1942,354.6
SCOTTSVILLE,10/16/42,23,7.01,MODERATE,NT34,NT,37.797222,-78.491667,PIEDMONT,1942,240.3
CARTERSVILLE,10/16/42,27.14,8.55,MAJOR,NT34,NT,37.670833,-78.086111,PIEDMONT,1942,291
RICHWEST,10/17/42,19.8,6.35,MODERATE,NT34,NT,37.563056,-77.547222,PIEDMONT,1942,354.6
RICHLOCKS,10/17/42,19.5,5.94,MODERATE,NT34,NT,37.525,-77.421111,PIEDMONT,1942,367.3
HOLCOMBROCK,12/31/42,18.48,5.63,ACTION,NT35,NT,37.501111,-79.262778,PIEDMONT,1942,112.3
LICKRUN,3/14/43,17.6,5.36,FLOOD,NT36,NT,37.773611,-79.784444,MOUNTAIN,1943,0
BUCHANAN,3/14/43,15.19,4.63,ACTION,NT36,NT,37.530556,-79.679167,MOUNTAIN,1943,57.7
BENTCREEK,9/19/44,18,5.49,MODERATE,NT37,NT,37.536111,-78.829722,PIEDMONT,1944,177.8
SCOTTSVILLE,9/19/44,26,7.92,MAJOR,NT37,NT,37.797222,-78.491667,PIEDMONT,1944,240.3
CARTERSVILLE,9/20/44,29.6,9.3,MAJOR,NT37,NT,37.670833,-78.086111,PIEDMONT,1944,291
RICHWEST,9/20/44,21.8,6.96,MODERATE,NT37,NT,37.563056,-77.547222,PIEDMONT,1944,354.6
RICHLOCKS,9/21/44,22.4,6.83,MODERATE,NT37,NT,37.525,-77.421111,PIEDMONT,1944,367.3
SCOTTSVILLE,9/18/45,18,5.49,ACTION,NOT_NAMED213,AH,37.797222,-78.491667,PIEDMONT,1945,240.3
CARTERSVILLE,9/19/45,19.5,6.23,ACTION,NOT_NAMED213,AH,37.670833,-78.086111,PIEDMONT,1945,291
RICHWEST,9/20/45,14.82,4.83,FLOOD,NOT_NAMED213,AH,37.563056,-77.547222,PIEDMONT,1945,354.6
LICKRUN,1/8/46,16,4.88,FLOOD,NT38,NT,37.773611,-79.784444,MOUNTAIN,1946,0
SCOTTSVILLE,1/9/46,15.3,4.66,ACTION,NT38,NT,37.797222,-78.491667,PIEDMONT,1946,240.3
RICHWEST,1/9/46,12.2,4.03,FLOOD,NT38,NT,37.563056,-77.547222,PIEDMONT,1946,354.6
SCOTTSVILLE,3/16/47,13.68,4.17,ACTION,NT39,NT,37.797222,-78.491667,PIEDMONT,1947,240.3
RICHWEST,3/17/47,11.65,3.86,ACTION,NT39,NT,37.563056,-77.547222,PIEDMONT,1947,354.6
LICKRUN,2/15/48,16.1,4.91,FLOOD,NT40,NT,37.773611,-79.784444,MOUNTAIN,1948,0
BUCHANAN,2/15/48,16.25,4.95,ACTION,NT40,NT,37.530556,-79.679167,MOUNTAIN,1948,57.7
HOLCOMBROCK,2/15/48,19.9,6.07,ACTION,NT40,NT,37.501111,-79.262778,PIEDMONT,1948,112.3
RICHWEST,2/16/48,15.45,5.02,MODERATE,NT40,NT,37.563056,-77.547222,PIEDMONT,1948,354.6
SCOTTSVILLE,4/1/48,18.4,5.61,ACTION,NT41,NT,37.797222,-78.491667,PIEDMONT,1948,240.3
CARTERSVILLE,4/2/48,22.14,7.03,FLOOD,NT41,NT,37.670833,-78.086111,PIEDMONT,1948,291
RICHWEST,4/2/48,16.45,5.33,MODERATE,NT41,NT,37.563056,-77.547222,PIEDMONT,1948,354.6
CARTERSVILLE,8/5/48,20.35,6.48,FLOOD,NT42,NT,37.670833,-78.086111,PIEDMONT,1948,291
RICHWEST,8/6/48,15.5,5.04,MODERATE,NT42,NT,37.563056,-77.547222,PIEDMONT,1948,354.6
BENTCREEK,12/4/48,18.68,5.69,MODERATE,NT43,NT,37.536111,-78.829722,PIEDMONT,1948,177.8
SCOTTSVILLE,12/4/48,22.9,6.98,MODERATE,NT43,NT,37.797222,-78.491667,PIEDMONT,1948,240.3
CARTERSVILLE,12/5/48,27,8.51,MAJOR,NT43,NT,37.670833,-78.086111,PIEDMONT,1948,291
RICHWEST,12/5/48,20.9,6.68,MODERATE,NT43,NT,37.563056,-77.547222,PIEDMONT,1948,354.6
RICHLOCKS,12/6/48,21.6,6.58,MODERATE,NT43,NT,37.525,-77.421111,PIEDMONT,1948,367.3
CARTERSVILLE,3/24/49,21.98,6.98,FLOOD,NT44,NT,37.670833,-78.086111,PIEDMONT,1949,291
RICHWEST,3/24/49,16.22,5.26,MODERATE,NT44,NT,37.563056,-77.547222,PIEDMONT,1949,354.6
RICHLOCKS,3/24/49,13.3,4.05,FLOOD,NT44,NT,37.525,-77.421111,PIEDMONT,1949,367.3
LICKRUN,4/14/49,20.45,6.23,FLOOD,NT45,NT,37.773611,-79.784444,MOUNTAIN,1949,0
BUCHANAN,4/14/49,20.18,6.15,FLOOD,NT45,NT,37.530556,-79.679167,MOUNTAIN,1949,57.7
HOLCOMBROCK,4/14/49,22.9,6.98,FLOOD,NT45,NT,37.501111,-79.262778,PIEDMONT,1949,112.3
RICHWEST,4/16/49,14.67,4.78,FLOOD,NT45,NT,37.563056,-77.547222,PIEDMONT,1949,354.6
RICHWEST,8/16/49,13.38,4.39,FLOOD,NT46,NT,37.563056,-77.547222,PIEDMONT,1949,354.6
HOLCOMBROCK,9/10/50,24,7.32,MODERATE,NT47,NT,37.501111,-79.262778,PIEDMONT,1950,112.3
BENTCREEK,9/10/50,17.8,5.43,FLOOD,NT47,NT,37.536111,-78.829722,PIEDMONT,1950,177.8
SCOTTSVILLE,9/11/50,20.43,6.23,FLOOD,NT47,NT,37.797222,-78.491667,PIEDMONT,1950,240.3
CARTERSVILLE,9/11/50,19.73,6.3,ACTION,NT47,NT,37.670833,-78.086111,PIEDMONT,1950,291
RICHWEST,9/12/50,14.6,4.76,FLOOD,NT47,NT,37.563056,-77.547222,PIEDMONT,1950,354.6
RICHWEST,12/6/50,13.76,4.51,FLOOD,NT48,NT,37.563056,-77.547222,PIEDMONT,1950,354.6
LICKRUN,12/8/50,20.45,6.23,FLOOD,NT48,NT,37.773611,-79.784444,MOUNTAIN,1950,0
BUCHANAN,12/8/50,18.95,5.78,FLOOD,NT48,NT,37.530556,-79.679167,MOUNTAIN,1950,57.7
HOLCOMBROCK,12/8/50,22.83,6.96,FLOOD,NT48,NT,37.501111,-79.262778,PIEDMONT,1950,112.3
CARTERSVILLE,12/9/50,19.42,6.2,ACTION,NT48,NT,37.670833,-78.086111,PIEDMONT,1950,291
RICHWEST,12/10/50,14.85,4.84,FLOOD,NT49,NT,37.563056,-77.547222,PIEDMONT,1950,354.6
SCOTTSVILLE,12/11/50,19.17,5.84,ACTION,NT49,NT,37.797222,-78.491667,PIEDMONT,1950,240.3
RICHWEST,6/15/51,13.53,4.44,FLOOD,NT50,NT,37.563056,-77.547222,PIEDMONT,1951,354.6
CARTERSVILLE,12/22/51,18.16,5.82,ACTION,NT51,NT,37.670833,-78.086111,PIEDMONT,1951,291
RICHWEST,12/22/51,14.53,4.74,FLOOD,NT51,NT,37.563056,-77.547222,PIEDMONT,1951,354.6
RICHWEST,1/30/52,13.82,4.53,FLOOD,NT52,NT,37.563056,-77.547222,PIEDMONT,1952,354.6
LICKRUN,3/12/52,19.07,5.81,FLOOD,NT53,NT,37.773611,-79.784444,MOUNTAIN,1952,0
BUCHANAN,3/12/52,17.73,5.4,FLOOD,NT53,NT,37.530556,-79.679167,MOUNTAIN,1952,57.7
HOLCOMBROCK,3/12/52,20.33,6.2,ACTION,NT53,NT,37.501111,-79.262778,PIEDMONT,1952,112.3
SCOTTSVILLE,3/13/52,17.59,5.36,ACTION,NT53,NT,37.797222,-78.491667,PIEDMONT,1952,240.3
RICHWEST,3/13/52,14.22,4.65,FLOOD,NT53,NT,37.563056,-77.547222,PIEDMONT,1952,354.6
LICKRUN,2/22/53,20.55,6.26,FLOOD,NT54,NT,37.773611,-79.784444,MOUNTAIN,1953,0
BUCHANAN,2/22/53,19.15,5.84,FLOOD,NT54,NT,37.530556,-79.679167,MOUNTAIN,1953,57.7
HOLCOMBROCK,2/22/53,21.63,6.59,ACTION,NT54,NT,37.501111,-79.262778,PIEDMONT,1953,112.3
BENTCREEK,2/22/53,16.07,4.9,FLOOD,NT54,NT,37.536111,-78.829722,PIEDMONT,1953,177.8
RICHWEST,2/24/53,14.45,4.72,FLOOD,NT54,NT,37.563056,-77.547222,PIEDMONT,1953,354.6
SCOTTSVILLE,3/25/53,19.48,5.94,ACTION,NT55,NT,37.797222,-78.491667,PIEDMONT,1953,240.3
CARTERSVILLE,3/26/53,20.9,6.65,FLOOD,NT55,NT,37.670833,-78.086111,PIEDMONT,1953,291
RICHWEST,3/27/53,15.95,5.17,MODERATE,NT55,NT,37.563056,-77.547222,PIEDMONT,1953,354.6
RICHLOCKS,3/27/53,12.7,3.87,FLOOD,NT55,NT,37.525,-77.421111,PIEDMONT,1953,367.3
LICKRUN,3/2/54,18.82,5.74,FLOOD,NT56,NT,37.773611,-79.784444,MOUNTAIN,1954,0
BUCHANAN,3/2/54,18.75,5.72,FLOOD,NT56,NT,37.530556,-79.679167,MOUNTAIN,1954,57.7
HOLCOMBROCK,3/2/54,22.8,6.95,FLOOD,NT56,NT,37.501111,-79.262778,PIEDMONT,1954,112.3
BENTCREEK,3/2/54,16.78,5.11,FLOOD,NT56,NT,37.536111,-78.829722,PIEDMONT,1954,177.8
SCOTTSVILLE,3/3/54,18.9,5.76,ACTION,NT56,NT,37.797222,-78.491667,PIEDMONT,1954,240.3
CARTERSVILLE,3/3/54,18.75,6,ACTION,NT56,NT,37.670833,-78.086111,PIEDMONT,1954,291
RICHWEST,3/3/54,14.54,4.74,FLOOD,NT56,NT,37.563056,-77.547222,PIEDMONT,1954,354.6
LICKRUN,3/6/55,19.5,5.94,FLOOD,NT57,NT,37.773611,-79.784444,MOUNTAIN,1955,0
HOLCOMBROCK,3/7/55,23.33,7.11,FLOOD,NT57,NT,37.501111,-79.262778,PIEDMONT,1955,112.3
BENTCREEK,3/7/55,17.28,5.27,FLOOD,NT57,NT,37.536111,-78.829722,PIEDMONT,1955,177.8
SCOTTSVILLE,3/7/55,19.94,6.08,ACTION,NT57,NT,37.797222,-78.491667,PIEDMONT,1955,240.3
CARTERSVILLE,3/8/55,20.83,6.63,FLOOD,NT57,NT,37.670833,-78.086111,PIEDMONT,1955,291
RICHWEST,3/8/55,16.1,5.22,MODERATE,NT57,NT,37.563056,-77.547222,PIEDMONT,1955,354.6
BUCHANAN,5/7/55,19.36,5.9,FLOOD,NT58,NT,37.530556,-79.679167,MOUNTAIN,1955,57.7
CARTERSVILLE,8/19/55,24.48,7.74,MODERATE,DIANE,AT,37.670833,-78.086111,PIEDMONT,1955,291
RICHWEST,8/20/55,18.36,5.91,MODERATE,DIANE,AT,37.563056,-77.547222,PIEDMONT,1955,354.6
RICHLOCKS,8/20/55,16.9,5.15,FLOOD,DIANE,AT,37.525,-77.421111,PIEDMONT,1955,367.3
RICHWEST,3/17/56,9.32,3.15,ACTION,NT59,NT,37.563056,-77.547222,PIEDMONT,1956,354.6
SEWELLS,4/11/56,6.32,1.44,MODERATE,NT60,NT,36.946667,-76.33,COASTAL,1956,532
SEWELLS,9/27/56,5.92,1.31,MODERATE,FLOSSY,AH,36.946667,-76.33,COASTAL,1956,532
LICKRUN,4/6/57,19.56,5.96,FLOOD,NT61,NT,37.773611,-79.784444,MOUNTAIN,1957,0
BUCHANAN,4/6/57,18.78,5.72,FLOOD,NT61,NT,37.530556,-79.679167,MOUNTAIN,1957,57.7
HOLCOMBROCK,4/6/57,22.36,6.82,FLOOD,NT61,NT,37.501111,-79.262778,PIEDMONT,1957,112.3
BENTCREEK,4/6/57,16.6,5.06,FLOOD,NT61,NT,37.536111,-78.829722,PIEDMONT,1957,177.8
SCOTTSVILLE,4/7/57,19.14,5.83,ACTION,NT61,NT,37.797222,-78.491667,PIEDMONT,1957,240.3
CARTERSVILLE,4/7/57,19.47,6.22,ACTION,NT61,NT,37.670833,-78.086111,PIEDMONT,1957,291
RICHWEST,4/8/57,15,4.89,MODERATE,NT61,NT,37.563056,-77.547222,PIEDMONT,1957,354.6
HOLCOMBROCK,3/31/58,18.08,5.51,ACTION,NT62,NT,37.501111,-79.262778,PIEDMONT,1958,112.3
SCOTTSVILLE,4/1/58,15.88,4.84,ACTION,NT62,NT,37.797222,-78.491667,PIEDMONT,1958,240.3
CARTERSVILLE,4/1/58,16.46,5.3,ACTION,NT62,NT,37.670833,-78.086111,PIEDMONT,1958,291
RICHWEST,4/2/58,13.35,4.38,FLOOD,NT62,NT,37.563056,-77.547222,PIEDMONT,1958,354.6
SCOTTSVILLE,6/3/59,12.81,3.9,ACTION,ARLENE59,GT,37.797222,-78.491667,PIEDMONT,1959,240.3
RICHWEST,6/4/59,12.05,3.99,FLOOD,ARLENE59,GT,37.563056,-77.547222,PIEDMONT,1959,354.6
RICHWEST,10/2/59,13.1,4.31,FLOOD,GRACIE,AT,37.563056,-77.547222,PIEDMONT,1959,354.6
RICHWEST,3/20/60,13.2,4.34,FLOOD,NT63,NT,37.563056,-77.547222,PIEDMONT,1960,354.6
BUCHANAN,3/21/60,18.45,5.62,FLOOD,NT63,NT,37.530556,-79.679167,MOUNTAIN,1960,57.7
LICKRUN,3/31/60,19.65,5.99,FLOOD,NT63,NT,37.773611,-79.784444,MOUNTAIN,1960,0
HOLCOMBROCK,3/31/60,22,6.71,FLOOD,NT63,NT,37.501111,-79.262778,PIEDMONT,1960,112.3
BENTCREEK,3/31/60,16.19,4.93,FLOOD,NT63,NT,37.536111,-78.829722,PIEDMONT,1960,177.8
RICHWEST,3/31/60,13.3,4.37,FLOOD,NT63,NT,37.563056,-77.547222,PIEDMONT,1960,354.6
SCOTTSVILLE,4/1/60,19.1,5.82,ACTION,NT63,NT,37.797222,-78.491667,PIEDMONT,1960,240.3
CARTERSVILLE,4/6/60,20.13,6.42,FLOOD,NT64,NT,37.670833,-78.086111,PIEDMONT,1960,291
RICHWEST,4/7/60,15.7,5.1,MODERATE,NT64,NT,37.563056,-77.547222,PIEDMONT,1960,354.6
RICHLOCKS,4/7/60,12.2,3.72,FLOOD,NT64,NT,37.525,-77.421111,PIEDMONT,1960,367.3
SEWELLS,9/12/60,5.92,1.31,MODERATE,DONNA,AH,36.946667,-76.33,COASTAL,1960,532
CARTERSVILLE,4/14/61,15.1,4.88,ACTION,NT65,NT,37.670833,-78.086111,PIEDMONT,1961,291
RICHWEST,4/14/61,12.63,4.16,FLOOD,NT65,NT,37.563056,-77.547222,PIEDMONT,1961,354.6
LICKRUN,10/21/61,19.87,6.06,FLOOD,NT66,NT,37.773611,-79.784444,MOUNTAIN,1961,0
BUCHANAN,10/21/61,17.68,5.39,FLOOD,NT66,NT,37.530556,-79.679167,MOUNTAIN,1961,57.7
HOLCOMBROCK,10/21/61,21.87,6.67,ACTION,NT66,NT,37.501111,-79.262778,PIEDMONT,1961,112.3
BENTCREEK,10/22/61,16.42,5,FLOOD,NT66,NT,37.536111,-78.829722,PIEDMONT,1961,177.8
CARTERSVILLE,10/22/61,23.13,7.33,MODERATE,NT66,NT,37.670833,-78.086111,PIEDMONT,1961,291
RICHWEST,10/23/61,17.98,5.79,MODERATE,NT66,NT,37.563056,-77.547222,PIEDMONT,1961,354.6
RICHLOCKS,10/23/61,16.7,5.09,FLOOD,NT66,NT,37.525,-77.421111,PIEDMONT,1961,367.3
SEWELLS,3/7/62,7.22,1.71,MAJOR,NT67,NT,36.946667,-76.33,COASTAL,1962,532
RICHWEST,3/14/62,14.92,4.86,FLOOD,NT68,NT,37.563056,-77.547222,PIEDMONT,1962,354.6
RICHWEST,3/24/62,13.92,4.56,FLOOD,NT69,NT,37.563056,-77.547222,PIEDMONT,1962,354.6
LICKRUN,3/12/63,22.6,6.89,MODERATE,NT70,NT,37.773611,-79.784444,MOUNTAIN,1963,0
BUCHANAN,3/13/63,22.3,6.8,MODERATE,NT70,NT,37.530556,-79.679167,MOUNTAIN,1963,57.7
HOLCOMBROCK,3/13/63,24.75,7.54,MODERATE,NT70,NT,37.501111,-79.262778,PIEDMONT,1963,112.3
BENTCREEK,3/13/63,18.47,5.63,MODERATE,NT70,NT,37.536111,-78.829722,PIEDMONT,1963,177.8
SCOTTSVILLE,3/14/63,20.82,6.35,FLOOD,NT70,NT,37.797222,-78.491667,PIEDMONT,1963,240.3
CARTERSVILLE,3/14/63,21.33,6.78,FLOOD,NT70,NT,37.670833,-78.086111,PIEDMONT,1963,291
RICHWEST,3/15/63,16.42,5.32,MODERATE,NT70,NT,37.563056,-77.547222,PIEDMONT,1963,354.6
RICHLOCKS,3/15/63,13.5,4.11,FLOOD,NT70,NT,37.525,-77.421111,PIEDMONT,1963,367.3
RICHWEST,1/27/64,11.22,3.73,ACTION,NT71,NT,37.563056,-77.547222,PIEDMONT,1964,354.6
LICKRUN,3/6/64,16.07,4.9,FLOOD,NT72,NT,37.773611,-79.784444,MOUNTAIN,1964,0
LICKRUN,1/24/65,15.26,4.65,ACTION,NT73,NT,37.773611,-79.784444,MOUNTAIN,1965,0
LICKRUN,2/8/65,16.5,5.03,FLOOD,NT74,NT,37.773611,-79.784444,MOUNTAIN,1965,0
BUCHANAN,2/8/65,16.28,4.96,ACTION,NT74,NT,37.530556,-79.679167,MOUNTAIN,1965,57.7
CARTERSVILLE,2/8/65,19.83,6.33,ACTION,NT74,NT,37.670833,-78.086111,PIEDMONT,1965,291
RICHWEST,2/9/65,15.32,4.98,MODERATE,NT74,NT,37.563056,-77.547222,PIEDMONT,1965,354.6
LICKRUN,2/14/66,16.34,4.98,FLOOD,NT75,NT,37.773611,-79.784444,MOUNTAIN,1966,0
BUCHANAN,2/14/66,16.44,5.01,ACTION,NT75,NT,37.530556,-79.679167,MOUNTAIN,1966,57.7
CARTERSVILLE,2/14/66,16.82,5.41,ACTION,NT75,NT,37.670833,-78.086111,PIEDMONT,1966,291
RICHWEST,2/15/66,13.75,4.5,FLOOD,NT75,NT,37.563056,-77.547222,PIEDMONT,1966,354.6
LICKRUN,3/8/67,22.3,6.8,MODERATE,NT76,NT,37.773611,-79.784444,MOUNTAIN,1967,0
BUCHANAN,3/8/67,20.77,6.33,FLOOD,NT76,NT,37.530556,-79.679167,MOUNTAIN,1967,57.7
HOLCOMBROCK,3/8/67,22.46,6.85,FLOOD,NT76,NT,37.501111,-79.262778,PIEDMONT,1967,112.3
BENTCREEK,3/8/67,16.23,4.95,FLOOD,NT76,NT,37.536111,-78.829722,PIEDMONT,1967,177.8
CARTERSVILLE,3/8/67,19.61,6.26,ACTION,NT76,NT,37.670833,-78.086111,PIEDMONT,1967,291
SCOTTSVILLE,3/9/67,19.07,5.81,ACTION,NT76,NT,37.797222,-78.491667,PIEDMONT,1967,240.3
RICHWEST,3/9/67,15.37,5,MODERATE,NT76,NT,37.563056,-77.547222,PIEDMONT,1967,354.6
LICKRUN,3/15/67,19.22,5.86,FLOOD,NT77,NT,37.773611,-79.784444,MOUNTAIN,1967,0
BUCHANAN,3/16/67,17.36,5.29,FLOOD,NT77,NT,37.530556,-79.679167,MOUNTAIN,1967,57.7
RICHWEST,3/18/67,13.51,4.43,FLOOD,NT77,NT,37.563056,-77.547222,PIEDMONT,1967,354.6
RICHWEST,12/12/67,11.24,3.74,ACTION,NT78,NT,37.563056,-77.547222,PIEDMONT,1967,354.6
LICKRUN,8/20/69,25.53,7.78,MAJOR,CAMILLE,GH,37.773611,-79.784444,MOUNTAIN,1969,0
BUCHANAN,8/20/69,23.37,7.12,MODERATE,CAMILLE,GH,37.530556,-79.679167,MOUNTAIN,1969,57.7
HOLCOMBROCK,8/20/69,35.5,10.82,MAJOR,CAMILLE,GH,37.501111,-79.262778,PIEDMONT,1969,112.3
BENTCREEK,8/20/69,24.77,7.55,MAJOR,CAMILLE,GH,37.536111,-78.829722,PIEDMONT,1969,177.8
SCOTTSVILLE,8/20/69,30,9.14,MAJOR,CAMILLE,GH,37.797222,-78.491667,PIEDMONT,1969,240.3
CARTERSVILLE,8/21/69,33.75,10.57,MAJOR,CAMILLE,GH,37.670833,-78.086111,PIEDMONT,1969,291
RICHWEST,8/21/69,24.95,7.92,MAJOR,CAMILLE,GH,37.563056,-77.547222,PIEDMONT,1969,354.6
RICHLOCKS,8/22/69,28.6,8.72,MAJOR,CAMILLE,GH,37.525,-77.421111,PIEDMONT,1969,367.3
LICKRUN,12/31/69,19.88,6.06,FLOOD,NT79,NT,37.773611,-79.784444,MOUNTAIN,1969,0
BUCHANAN,1/1/70,19.81,6.04,FLOOD,NT80,NT,37.530556,-79.679167,MOUNTAIN,1970,57.7
HOLCOMBROCK,1/1/70,22.2,6.77,FLOOD,NT80,NT,37.501111,-79.262778,PIEDMONT,1970,112.3
BENTCREEK,1/1/70,16.08,4.9,FLOOD,NT80,NT,37.536111,-78.829722,PIEDMONT,1970,177.8
SCOTTSVILLE,1/1/70,19.05,5.81,ACTION,NT80,NT,37.797222,-78.491667,PIEDMONT,1970,240.3
CARTERSVILLE,1/2/70,19.03,6.08,ACTION,NT80,NT,37.670833,-78.086111,PIEDMONT,1970,291
RICHWEST,1/2/70,14.93,4.86,FLOOD,NT80,NT,37.563056,-77.547222,PIEDMONT,1970,354.6
RICHWEST,2/26/70,14.24,4.65,FLOOD,NT81,NT,37.563056,-77.547222,PIEDMONT,1970,354.6
LICKRUN,2/14/71,19.61,5.98,FLOOD,NT82,NT,37.773611,-79.784444,MOUNTAIN,1971,0
BUCHANAN,2/14/71,18.9,5.76,FLOOD,NT82,NT,37.530556,-79.679167,MOUNTAIN,1971,57.7
LICKRUN,5/31/71,19.71,6.01,FLOOD,NT83,NT,37.773611,-79.784444,MOUNTAIN,1971,0
BUCHANAN,5/31/71,19.07,5.81,FLOOD,NT83,NT,37.530556,-79.679167,MOUNTAIN,1971,57.7
HOLCOMBROCK,5/31/71,22.62,6.89,FLOOD,NT83,NT,37.501111,-79.262778,PIEDMONT,1971,112.3
BENTCREEK,5/31/71,16.31,4.97,FLOOD,NT83,NT,37.536111,-78.829722,PIEDMONT,1971,177.8
SCOTTSVILLE,6/1/71,19.12,5.83,ACTION,NT84,NT,37.797222,-78.491667,PIEDMONT,1971,240.3
CARTERSVILLE,6/1/71,21.51,6.84,FLOOD,NT84,NT,37.670833,-78.086111,PIEDMONT,1971,291
RICHWEST,6/1/71,17.02,5.5,MODERATE,NT84,NT,37.563056,-77.547222,PIEDMONT,1971,354.6
RICHLOCKS,6/2/71,14.2,4.33,FLOOD,NT84,NT,37.525,-77.421111,PIEDMONT,1971,367.3
RICHWEST,10/26/71,13.94,4.56,FLOOD,NT85,NT,37.563056,-77.547222,PIEDMONT,1971,354.6
RICHWEST,2/14/72,13.84,4.53,FLOOD,NT86,NT,37.563056,-77.547222,PIEDMONT,1972,354.6
LICKRUN,2/26/72,19.84,6.05,FLOOD,NT87,NT,37.773611,-79.784444,MOUNTAIN,1972,0
BUCHANAN,2/27/72,18.52,5.64,FLOOD,NT87,NT,37.530556,-79.679167,MOUNTAIN,1972,57.7
RICHWEST,2/28/72,13.93,4.56,FLOOD,NT87,NT,37.563056,-77.547222,PIEDMONT,1972,354.6
LICKRUN,6/21/72,27.01,8.23,MAJOR,AGNES,GT,37.773611,-79.784444,MOUNTAIN,1972,0
BENTCREEK,6/21/72,27.13,8.27,MAJOR,AGNES,GT,37.536111,-78.829722,PIEDMONT,1972,177.8
BUCHANAN,6/22/72,30.49,9.29,MAJOR,AGNES,GT,37.530556,-79.679167,MOUNTAIN,1972,57.7
HOLCOMBROCK,6/22/72,32.38,9.87,MAJOR,AGNES,GT,37.501111,-79.262778,PIEDMONT,1972,112.3
SCOTTSVILLE,6/22/72,34.02,10.37,MAJOR,AGNES,GT,37.797222,-78.491667,PIEDMONT,1972,240.3
CARTERSVILLE,6/22/72,37.87,11.82,MAJOR,AGNES,GT,37.670833,-78.086111,PIEDMONT,1972,291
RICHWEST,6/23/72,28.62,9.04,MAJOR,AGNES,GT,37.563056,-77.547222,PIEDMONT,1972,354.6
RICHLOCKS,6/23/72,36.5,11.13,MAJOR,AGNES,GT,37.525,-77.421111,PIEDMONT,1972,367.3
SCOTTSVILLE,10/6/72,23.24,7.08,MODERATE,NT88,NT,37.797222,-78.491667,PIEDMONT,1972,240.3
CARTERSVILLE,10/6/72,27.12,8.55,MAJOR,NT88,NT,37.670833,-78.086111,PIEDMONT,1972,291
RICHWEST,10/7/72,21.76,6.95,MODERATE,NT88,NT,37.563056,-77.547222,PIEDMONT,1972,354.6
RICHLOCKS,10/7/72,24.2,7.38,MODERATE,NT88,NT,37.525,-77.421111,PIEDMONT,1972,367.3
RICHWEST,11/15/72,14.09,4.61,FLOOD,NT89,NT,37.563056,-77.547222,PIEDMONT,1972,354.6
LICKRUN,2/3/73,17.82,5.43,FLOOD,NT90,NT,37.773611,-79.784444,MOUNTAIN,1973,0
BUCHANAN,2/3/73,18.16,5.54,FLOOD,NT90,NT,37.530556,-79.679167,MOUNTAIN,1973,57.7
BENTCREEK,2/3/73,15.01,4.58,ACTION,NT90,NT,37.536111,-78.829722,PIEDMONT,1973,177.8
RICHWEST,2/4/73,16.46,5.33,MODERATE,NT90,NT,37.563056,-77.547222,PIEDMONT,1973,354.6
RICHLOCKS,2/4/73,13.5,4.11,FLOOD,NT90,NT,37.525,-77.421111,PIEDMONT,1973,367.3
LICKRUN,3/17/73,18.66,5.69,FLOOD,NT91,NT,37.773611,-79.784444,MOUNTAIN,1973,0
BUCHANAN,3/18/73,19.23,5.86,FLOOD,NT91,NT,37.530556,-79.679167,MOUNTAIN,1973,57.7
RICHWEST,3/19/73,14.35,4.69,FLOOD,NT91,NT,37.563056,-77.547222,PIEDMONT,1973,354.6
LICKRUN,5/28/73,19.44,5.93,FLOOD,NT92,NT,37.773611,-79.784444,MOUNTAIN,1973,0
BUCHANAN,5/29/73,20.38,6.21,FLOOD,NT92,NT,37.530556,-79.679167,MOUNTAIN,1973,57.7
HOLCOMBROCK,5/29/73,21.89,6.67,ACTION,NT92,NT,37.501111,-79.262778,PIEDMONT,1973,112.3
BENTCREEK,5/29/73,15.75,4.8,ACTION,NT92,NT,37.536111,-78.829722,PIEDMONT,1973,177.8
RICHWEST,5/30/73,14.79,4.82,FLOOD,NT92,NT,37.563056,-77.547222,PIEDMONT,1973,354.6
RICHWEST,12/22/73,15.6,5.07,MODERATE,NT93,NT,37.563056,-77.547222,PIEDMONT,1973,354.6
LICKRUN,12/27/73,24.77,7.55,MODERATE,NT94,NT,37.773611,-79.784444,MOUNTAIN,1973,0
BUCHANAN,12/27/73,24.17,7.37,MODERATE,NT94,NT,37.530556,-79.679167,MOUNTAIN,1973,57.7
SCOTTSVILLE,12/28/73,21.12,6.44,FLOOD,NT94,NT,37.797222,-78.491667,PIEDMONT,1973,240.3
HOLCOMBROCK,12/29/73,24.69,7.53,MODERATE,NT94,NT,37.501111,-79.262778,PIEDMONT,1973,112.3
CARTERSVILLE,12/29/73,20.89,6.65,FLOOD,NT94,NT,37.670833,-78.086111,PIEDMONT,1973,291
RICHWEST,12/29/73,15.94,5.17,MODERATE,NT94,NT,37.563056,-77.547222,PIEDMONT,1973,354.6
LICKRUN,5/13/74,17.51,5.34,FLOOD,NT95,NT,37.773611,-79.784444,MOUNTAIN,1974,0
BUCHANAN,5/13/74,16.31,4.97,ACTION,NT95,NT,37.530556,-79.679167,MOUNTAIN,1974,57.7
RICHWEST,9/8/74,13.82,4.53,FLOOD,NT96,NT,37.563056,-77.547222,PIEDMONT,1974,354.6
BENTCREEK,12/28/74,18,5.49,MODERATE,NT97,NT,37.536111,-78.829722,PIEDMONT,1974,177.8
BUCHANAN,3/14/75,16.39,5,ACTION,NT98,NT,37.530556,-79.679167,MOUNTAIN,1975,57.7
RICHWEST,3/16/75,14.29,4.67,FLOOD,NT98,NT,37.563056,-77.547222,PIEDMONT,1975,354.6
BENTCREEK,3/19/75,18.34,5.59,MODERATE,NT98,NT,37.536111,-78.829722,PIEDMONT,1975,177.8
SCOTTSVILLE,3/19/75,24.63,7.51,MAJOR,NT98,NT,37.797222,-78.491667,PIEDMONT,1975,240.3
LICKRUN,3/20/75,17.79,5.42,FLOOD,NT98,NT,37.773611,-79.784444,MOUNTAIN,1975,0
BUCHANAN,3/20/75,17.93,5.47,FLOOD,NT98,NT,37.530556,-79.679167,MOUNTAIN,1975,57.7
HOLCOMBROCK,3/20/75,22.53,6.87,FLOOD,NT98,NT,37.501111,-79.262778,PIEDMONT,1975,112.3
CARTERSVILLE,3/20/75,26.04,8.22,MODERATE,NT98,NT,37.670833,-78.086111,PIEDMONT,1975,291
RICHWEST,3/21/75,20.08,6.43,MODERATE,NT98,NT,37.563056,-77.547222,PIEDMONT,1975,354.6
RICHLOCKS,3/21/75,20.8,6.34,MODERATE,NT98,NT,37.525,-77.421111,PIEDMONT,1975,367.3
RICHWEST,9/26/75,16.04,5.2,MODERATE,ELOISE,GH,37.563056,-77.547222,PIEDMONT,1975,354.6
LICKRUN,10/18/75,15.61,4.76,ACTION,NT99,NT,37.773611,-79.784444,MOUNTAIN,1975,0
LICKRUN,1/1/76,16.4,5,FLOOD,NT100,NT,37.773611,-79.784444,MOUNTAIN,1976,0
BUCHANAN,1/1/76,16.02,4.88,ACTION,NT100,NT,37.530556,-79.679167,MOUNTAIN,1976,57.7
CARTERSVILLE,1/1/76,17.26,5.54,ACTION,NT100,NT,37.670833,-78.086111,PIEDMONT,1976,291
RICHWEST,1/2/76,14.08,4.6,FLOOD,NT100,NT,37.563056,-77.547222,PIEDMONT,1976,354.6
LICKRUN,10/9/76,17.13,5.22,FLOOD,NT101,NT,37.773611,-79.784444,MOUNTAIN,1976,0
BUCHANAN,10/10/76,17,5.18,FLOOD,NT101,NT,37.530556,-79.679167,MOUNTAIN,1976,57.7
CARTERSVILLE,10/10/76,20.6,6.56,FLOOD,NT101,NT,37.670833,-78.086111,PIEDMONT,1976,291
RICHWEST,10/11/76,15.63,5.08,MODERATE,NT101,NT,37.563056,-77.547222,PIEDMONT,1976,354.6
LICKRUN,4/5/77,22.54,6.87,MODERATE,NT102,NT,37.773611,-79.784444,MOUNTAIN,1977,0
BUCHANAN,4/6/77,22.81,6.95,MODERATE,NT102,NT,37.530556,-79.679167,MOUNTAIN,1977,57.7
HOLCOMBROCK,4/6/77,23.47,7.15,FLOOD,NT102,NT,37.501111,-79.262778,PIEDMONT,1977,112.3
BENTCREEK,4/6/77,16.66,5.08,FLOOD,NT102,NT,37.536111,-78.829722,PIEDMONT,1977,177.8
SCOTTSVILLE,4/6/77,19.55,5.96,ACTION,NT102,NT,37.797222,-78.491667,PIEDMONT,1977,240.3
RICHWEST,4/7/77,14.86,4.84,FLOOD,NT102,NT,37.563056,-77.547222,PIEDMONT,1977,354.6
RICHWEST,1/10/78,13.6,4.46,FLOOD,NT103,NT,37.563056,-77.547222,PIEDMONT,1978,354.6
LICKRUN,1/26/78,21.66,6.6,FLOOD,NT103,NT,37.773611,-79.784444,MOUNTAIN,1978,0
HOLCOMBROCK,1/26/78,25.59,7.8,MODERATE,NT103,NT,37.501111,-79.262778,PIEDMONT,1978,112.3
BUCHANAN,1/27/78,22.31,6.8,MODERATE,NT103,NT,37.530556,-79.679167,MOUNTAIN,1978,57.7
BENTCREEK,1/27/78,18.38,5.6,MODERATE,NT103,NT,37.536111,-78.829722,PIEDMONT,1978,177.8
SCOTTSVILLE,1/27/78,22.23,6.78,MODERATE,NT103,NT,37.797222,-78.491667,PIEDMONT,1978,240.3
CARTERSVILLE,1/27/78,25.08,7.93,MODERATE,NT103,NT,37.670833,-78.086111,PIEDMONT,1978,291
RICHWEST,1/28/78,19.36,6.21,MODERATE,NT103,NT,37.563056,-77.547222,PIEDMONT,1978,354.6
RICHLOCKS,1/28/78,19.5,5.94,MODERATE,NT103,NT,37.525,-77.421111,PIEDMONT,1978,367.3
LICKRUN,3/15/78,18.01,5.49,FLOOD,NT104,NT,37.773611,-79.784444,MOUNTAIN,1978,0
BUCHANAN,3/15/78,18.87,5.75,FLOOD,NT104,NT,37.530556,-79.679167,MOUNTAIN,1978,57.7
RICHWEST,3/17/78,14.1,4.61,FLOOD,NT104,NT,37.563056,-77.547222,PIEDMONT,1978,354.6
LICKRUN,3/27/78,18.54,5.65,FLOOD,NT105,NT,37.773611,-79.784444,MOUNTAIN,1978,0
BUCHANAN,3/27/78,18.72,5.71,FLOOD,NT105,NT,37.530556,-79.679167,MOUNTAIN,1978,57.7
HOLCOMBROCK,3/27/78,21.27,6.48,ACTION,NT105,NT,37.501111,-79.262778,PIEDMONT,1978,112.3
RICHWEST,3/28/78,14.55,4.75,FLOOD,NT105,NT,37.563056,-77.547222,PIEDMONT,1978,354.6
BUCHANAN,4/27/78,16.64,5.07,ACTION,NT106,NT,37.530556,-79.679167,MOUNTAIN,1978,57.7
SEWELLS,4/27/78,6.41,1.46,MODERATE,NT106,NT,36.946667,-76.33,COASTAL,1978,532
RICHWEST,4/28/78,15.12,4.92,MODERATE,NT106,NT,37.563056,-77.547222,PIEDMONT,1978,354.6
RICHWEST,1/23/79,13.2,4.34,FLOOD,NT107,NT,37.563056,-77.547222,PIEDMONT,1979,354.6
LICKRUN,2/25/79,18.04,5.5,FLOOD,NT108,NT,37.773611,-79.784444,MOUNTAIN,1979,0
BUCHANAN,2/25/79,19.91,6.07,FLOOD,NT108,NT,37.530556,-79.679167,MOUNTAIN,1979,57.7
HOLCOMBROCK,2/26/79,24.56,7.49,MODERATE,NT108,NT,37.501111,-79.262778,PIEDMONT,1979,112.3
BENTCREEK,2/26/79,18.37,5.6,MODERATE,NT108,NT,37.536111,-78.829722,PIEDMONT,1979,177.8
SCOTTSVILLE,2/26/79,22.63,6.9,MODERATE,NT108,NT,37.797222,-78.491667,PIEDMONT,1979,240.3
CARTERSVILLE,2/26/79,26.33,8.31,MODERATE,NT108,NT,37.670833,-78.086111,PIEDMONT,1979,291
RICHWEST,2/27/79,20.38,6.52,MODERATE,NT108,NT,37.563056,-77.547222,PIEDMONT,1979,354.6
RICHLOCKS,2/27/79,22.5,6.86,MODERATE,NT108,NT,37.525,-77.421111,PIEDMONT,1979,367.3
LICKRUN,3/5/79,16.5,5.03,FLOOD,NT109,NT,37.773611,-79.784444,MOUNTAIN,1979,0
BUCHANAN,3/6/79,16.86,5.14,ACTION,NT109,NT,37.530556,-79.679167,MOUNTAIN,1979,57.7
RICHWEST,3/7/79,15.02,4.89,MODERATE,NT109,NT,37.563056,-77.547222,PIEDMONT,1979,354.6
SCOTTSVILLE,6/4/79,21.28,6.49,FLOOD,NT110,NT,37.797222,-78.491667,PIEDMONT,1979,240.3
CARTERSVILLE,6/4/79,24.19,7.66,MODERATE,NT110,NT,37.670833,-78.086111,PIEDMONT,1979,291
RICHWEST,6/5/79,18,5.8,MODERATE,NT110,NT,37.563056,-77.547222,PIEDMONT,1979,354.6
RICHWEST,9/7/79,14.28,4.67,FLOOD,DAVID,AH,37.563056,-77.547222,PIEDMONT,1979,354.6
SCOTTSVILLE,9/22/79,19.1,5.82,ACTION,NT111,NT,37.797222,-78.491667,PIEDMONT,1979,240.3
CARTERSVILLE,9/23/79,21.86,6.94,FLOOD,NT111,NT,37.670833,-78.086111,PIEDMONT,1979,291
RICHWEST,9/24/79,16.13,5.23,MODERATE,NT111,NT,37.563056,-77.547222,PIEDMONT,1979,354.6
RICHWEST,10/1/79,13.52,4.43,FLOOD,NT112,NT,37.563056,-77.547222,PIEDMONT,1979,354.6
RICHWEST,4/11/80,13.3,4.37,FLOOD,NT113,NT,37.563056,-77.547222,PIEDMONT,1980,354.6
BUCHANAN,4/15/80,18.29,5.57,FLOOD,NT114,NT,37.530556,-79.679167,MOUNTAIN,1980,57.7
BENTCREEK,4/15/80,15.37,4.68,ACTION,NT114,NT,37.536111,-78.829722,PIEDMONT,1980,177.8
CARTERSVILLE,4/16/80,18.86,6.03,ACTION,NT114,NT,37.670833,-78.086111,PIEDMONT,1980,291
RICHWEST,4/16/80,14.74,4.81,FLOOD,NT114,NT,37.563056,-77.547222,PIEDMONT,1980,354.6
RICHWEST,2/5/82,13.78,4.51,FLOOD,NT115,NT,37.563056,-77.547222,PIEDMONT,1982,354.6
LICKRUN,6/13/82,17.79,5.42,FLOOD,NT116,NT,37.773611,-79.784444,MOUNTAIN,1982,0
BUCHANAN,6/13/82,18.37,5.6,FLOOD,NT116,NT,37.530556,-79.679167,MOUNTAIN,1982,57.7
HOLCOMBROCK,6/13/82,23.67,7.21,FLOOD,NT116,NT,37.501111,-79.262778,PIEDMONT,1982,112.3
BENTCREEK,6/14/82,16.75,5.11,FLOOD,NT116,NT,37.536111,-78.829722,PIEDMONT,1982,177.8
SCOTTSVILLE,6/14/82,20.08,6.12,FLOOD,NT116,NT,37.797222,-78.491667,PIEDMONT,1982,240.3
CARTERSVILLE,6/15/82,20.91,6.66,FLOOD,NT116,NT,37.670833,-78.086111,PIEDMONT,1982,291
RICHWEST,6/15/82,15.65,5.08,MODERATE,NT116,NT,37.563056,-77.547222,PIEDMONT,1982,354.6
RICHWEST,4/4/83,14.12,4.62,FLOOD,NT117,NT,37.563056,-77.547222,PIEDMONT,1983,354.6
CARTERSVILLE,4/11/83,20.26,6.46,FLOOD,NT118,NT,37.670833,-78.086111,PIEDMONT,1983,291
RICHWEST,4/12/83,15.66,5.09,MODERATE,NT118,NT,37.563056,-77.547222,PIEDMONT,1983,354.6
RICHWEST,4/16/83,13.7,4.49,FLOOD,NT119,NT,37.563056,-77.547222,PIEDMONT,1983,354.6
RICHWEST,4/26/83,13.77,4.51,FLOOD,NT120,NT,37.563056,-77.547222,PIEDMONT,1983,354.6
LICKRUN,2/14/84,17.3,5.27,FLOOD,NT121,NT,37.773611,-79.784444,MOUNTAIN,1984,0
BUCHANAN,2/14/84,19.1,5.82,FLOOD,NT121,NT,37.530556,-79.679167,MOUNTAIN,1984,57.7
HOLCOMBROCK,2/15/84,22.63,6.9,FLOOD,NT121,NT,37.501111,-79.262778,PIEDMONT,1984,112.3
BENTCREEK,2/15/84,16.11,4.91,FLOOD,NT121,NT,37.536111,-78.829722,PIEDMONT,1984,177.8
SCOTTSVILLE,2/15/84,19.65,5.99,ACTION,NT121,NT,37.797222,-78.491667,PIEDMONT,1984,240.3
CARTERSVILLE,2/16/84,22.42,7.12,FLOOD,NT121,NT,37.670833,-78.086111,PIEDMONT,1984,291
RICHWEST,2/16/84,17.27,5.58,MODERATE,NT121,NT,37.563056,-77.547222,PIEDMONT,1984,354.6
RICHLOCKS,2/17/84,15,4.57,FLOOD,NT121,NT,37.525,-77.421111,PIEDMONT,1984,367.3
CARTERSVILLE,3/30/84,21.62,6.87,FLOOD,NT122,NT,37.670833,-78.086111,PIEDMONT,1984,291
RICHWEST,3/30/84,16.71,5.41,MODERATE,NT122,NT,37.563056,-77.547222,PIEDMONT,1984,354.6
RICHWEST,4/6/84,12.9,4.24,FLOOD,NT123,NT,37.563056,-77.547222,PIEDMONT,1984,354.6
CARTERSVILLE,8/19/85,18.17,5.82,ACTION,DANNY85,GH,37.670833,-78.086111,PIEDMONT,1985,291
RICHWEST,8/19/85,14.94,4.87,FLOOD,DANNY85,GH,37.563056,-77.547222,PIEDMONT,1985,354.6
LICKRUN,11/5/85,30.22,9.21,MAJOR,NT124,NT,37.773611,-79.784444,MOUNTAIN,1985,0
BUCHANAN,11/5/85,38.84,11.84,MAJOR,NT124,NT,37.530556,-79.679167,MOUNTAIN,1985,57.7
HOLCOMBROCK,11/5/85,42.15,12.85,MAJOR,NT124,NT,37.501111,-79.262778,PIEDMONT,1985,112.3
BENTCREEK,11/5/85,30.76,9.38,MAJOR,NT124,NT,37.536111,-78.829722,PIEDMONT,1985,177.8
SCOTTSVILLE,11/6/85,31.77,9.68,MAJOR,NT124,NT,37.797222,-78.491667,PIEDMONT,1985,240.3
CARTERSVILLE,11/6/85,32.6,10.22,MAJOR,NT124,NT,37.670833,-78.086111,PIEDMONT,1985,291
RICHWEST,11/7/85,24.77,7.86,MAJOR,NT124,NT,37.563056,-77.547222,PIEDMONT,1985,354.6
RICHLOCKS,11/7/85,30.76,9.38,MAJOR,NT124,NT,37.525,-77.421111,PIEDMONT,1985,367.3
BUCHANAN,4/16/86,24.81,7.56,MODERATE,NT125,NT,37.530556,-79.679167,MOUNTAIN,1986,57.7
SCOTTSVILLE,4/26/86,20.73,6.32,FLOOD,NT126,NT,37.797222,-78.491667,PIEDMONT,1986,240.3
LICKRUN,4/16/87,20.23,6.17,FLOOD,NT127,NT,37.773611,-79.784444,MOUNTAIN,1987,0
HOLCOMBROCK,4/17/87,28.36,8.64,MAJOR,NT127,NT,37.501111,-79.262778,PIEDMONT,1987,112.3
BENTCREEK,4/17/87,21.73,6.62,MODERATE,NT127,NT,37.536111,-78.829722,PIEDMONT,1987,177.8
SCOTTSVILLE,4/17/87,26.17,7.98,MAJOR,NT127,NT,37.797222,-78.491667,PIEDMONT,1987,240.3
CARTERSVILLE,4/18/87,27.96,8.8,MAJOR,NT127,NT,37.670833,-78.086111,PIEDMONT,1987,291
RICHWEST,4/18/87,21.91,6.99,MODERATE,NT127,NT,37.563056,-77.547222,PIEDMONT,1987,354.6
HOLCOMBROCK,4/25/87,22.59,6.89,FLOOD,NT128,NT,37.501111,-79.262778,PIEDMONT,1987,112.3
BENTCREEK,4/26/87,16.67,5.08,FLOOD,NT128,NT,37.536111,-78.829722,PIEDMONT,1987,177.8
HOLCOMBROCK,9/8/87,24.2,7.38,MODERATE,NOT_NAMED262,AT,37.501111,-79.262778,PIEDMONT,1987,112.3
BENTCREEK,9/8/87,20.25,6.17,MODERATE,NOT_NAMED262,AT,37.536111,-78.829722,PIEDMONT,1987,177.8
SCOTTSVILLE,9/8/87,24.56,7.49,MAJOR,NOT_NAMED262,AT,37.797222,-78.491667,PIEDMONT,1987,240.3
SCOTTSVILLE,5/6/89,20.35,6.2,FLOOD,NT129,NT,37.797222,-78.491667,PIEDMONT,1989,240.3
CARTERSVILLE,5/7/89,23.38,7.41,MODERATE,NT129,NT,37.670833,-78.086111,PIEDMONT,1989,291
RICHWEST,5/7/89,17.7,5.71,MODERATE,NT129,NT,37.563056,-77.547222,PIEDMONT,1989,354.6
RICHWEST,7/17/89,11.71,3.88,ACTION,NT130,NT,37.563056,-77.547222,PIEDMONT,1989,354.6
CARTERSVILLE,5/30/90,16.57,5.33,ACTION,NT131,NT,37.670833,-78.086111,PIEDMONT,1990,291
RICHWEST,5/30/90,14.01,4.58,FLOOD,NT131,NT,37.563056,-77.547222,PIEDMONT,1990,354.6
SCOTTSVILLE,10/23/90,19.23,5.86,ACTION,NT132,NT,37.797222,-78.491667,PIEDMONT,1990,240.3
CARTERSVILLE,10/24/90,20.36,6.49,FLOOD,NT132,NT,37.670833,-78.086111,PIEDMONT,1990,291
RICHWEST,10/24/90,15.17,4.94,MODERATE,NT132,NT,37.563056,-77.547222,PIEDMONT,1990,354.6
RICHLOCKS,10/24/90,11.25,3.43,FLOOD,NT132,NT,37.525,-77.421111,PIEDMONT,1990,367.3
RICHWEST,1/13/91,14.93,4.86,FLOOD,NT133,NT,37.563056,-77.547222,PIEDMONT,1991,354.6
RICHLOCKS,1/13/91,11.17,3.4,FLOOD,NT133,NT,37.525,-77.421111,PIEDMONT,1991,367.3
RICHWEST,3/6/91,13.26,4.35,FLOOD,NT134,NT,37.563056,-77.547222,PIEDMONT,1991,354.6
RICHWEST,3/31/91,12.36,4.08,FLOOD,NT135,NT,37.563056,-77.547222,PIEDMONT,1991,354.6
RICHWEST,2/28/92,12.93,4.25,FLOOD,NT136,NT,37.563056,-77.547222,PIEDMONT,1992,354.6
LICKRUN,4/22/92,18.99,5.79,FLOOD,NT137,NT,37.773611,-79.784444,MOUNTAIN,1992,0
BUCHANAN,4/22/92,23.64,7.21,MODERATE,NT137,NT,37.530556,-79.679167,MOUNTAIN,1992,57.7
HOLCOMBROCK,4/22/92,29.48,8.99,MAJOR,NT137,NT,37.501111,-79.262778,PIEDMONT,1992,112.3
BENTCREEK,4/22/92,21.02,6.41,MODERATE,NT137,NT,37.536111,-78.829722,PIEDMONT,1992,177.8
SCOTTSVILLE,4/23/92,25.31,7.71,MAJOR,NT137,NT,37.797222,-78.491667,PIEDMONT,1992,240.3
CARTERSVILLE,4/23/92,25.41,8.03,MODERATE,NT137,NT,37.670833,-78.086111,PIEDMONT,1992,291
RICHWEST,4/24/92,19.24,6.18,MODERATE,NT137,NT,37.563056,-77.547222,PIEDMONT,1992,354.6
RICHLOCKS,4/24/92,18.96,5.78,FLOOD,NT137,NT,37.525,-77.421111,PIEDMONT,1992,367.3
CARTERSVILLE,6/6/92,15.39,4.97,ACTION,NT138,NT,37.670833,-78.086111,PIEDMONT,1992,291
RICHWEST,6/6/92,12.61,4.16,FLOOD,NT138,NT,37.563056,-77.547222,PIEDMONT,1992,354.6
RICHWEST,11/24/92,11.49,3.82,ACTION,NT139,NT,37.563056,-77.547222,PIEDMONT,1992,354.6
RICHWEST,12/12/92,11.48,3.81,ACTION,NT140,NT,37.563056,-77.547222,PIEDMONT,1992,354.6
LICKRUN,3/4/93,18.04,5.5,FLOOD,NT141,NT,37.773611,-79.784444,MOUNTAIN,1993,0
BUCHANAN,3/5/93,20.66,6.3,FLOOD,NT141,NT,37.530556,-79.679167,MOUNTAIN,1993,57.7
HOLCOMBROCK,3/5/93,23.15,7.06,FLOOD,NT141,NT,37.501111,-79.262778,PIEDMONT,1993,112.3
BENTCREEK,3/5/93,16.49,5.03,FLOOD,NT141,NT,37.536111,-78.829722,PIEDMONT,1993,177.8
SCOTTSVILLE,3/5/93,20.73,6.32,FLOOD,NT141,NT,37.797222,-78.491667,PIEDMONT,1993,240.3
CARTERSVILLE,3/5/93,24.18,7.65,MODERATE,NT141,NT,37.670833,-78.086111,PIEDMONT,1993,291
RICHWEST,3/6/93,18.87,6.06,MODERATE,NT141,NT,37.563056,-77.547222,PIEDMONT,1993,354.6
RICHLOCKS,3/6/93,18.79,5.73,FLOOD,NT141,NT,37.525,-77.421111,PIEDMONT,1993,367.3
RICHWEST,3/18/93,11.97,3.96,ACTION,NT142,NT,37.563056,-77.547222,PIEDMONT,1993,354.6
BUCHANAN,3/24/93,18.2,5.55,FLOOD,NT143,NT,37.530556,-79.679167,MOUNTAIN,1993,57.7
HOLCOMBROCK,3/25/93,20.15,6.14,ACTION,NT143,NT,37.501111,-79.262778,PIEDMONT,1993,112.3
CARTERSVILLE,3/26/93,18.51,5.92,ACTION,NT143,NT,37.670833,-78.086111,PIEDMONT,1993,291
RICHWEST,3/26/93,14.43,4.71,FLOOD,NT143,NT,37.563056,-77.547222,PIEDMONT,1993,354.6
RICHLOCKS,3/26/93,10.95,3.34,FLOOD,NT143,NT,37.525,-77.421111,PIEDMONT,1993,367.3
RICHWEST,4/17/93,13.25,4.35,FLOOD,NT144,NT,37.563056,-77.547222,PIEDMONT,1993,354.6
BUCHANAN,5/4/93,15,4.57,ACTION,NT145,NT,37.530556,-79.679167,MOUNTAIN,1993,57.7
CARTERSVILLE,11/28/93,18.92,6.05,ACTION,NT146,NT,37.670833,-78.086111,PIEDMONT,1993,291
RICHLOCKS,11/29/93,12,3.66,FLOOD,NT146,NT,37.525,-77.421111,PIEDMONT,1993,367.3
RICHWEST,12/6/93,13.15,4.32,FLOOD,NT147,NT,37.563056,-77.547222,PIEDMONT,1993,354.6
CARTERSVILLE,2/24/94,16.4,5.28,ACTION,NT148,NT,37.670833,-78.086111,PIEDMONT,1994,291
RICHWEST,2/24/94,13.73,4.5,FLOOD,NT148,NT,37.563056,-77.547222,PIEDMONT,1994,354.6
RICHWEST,3/2/94,13.46,4.42,FLOOD,NT149,NT,37.563056,-77.547222,PIEDMONT,1994,354.6
CARTERSVILLE,3/30/94,22.29,7.08,FLOOD,NT150,NT,37.670833,-78.086111,PIEDMONT,1994,291
RICHWEST,3/30/94,17.48,5.64,MODERATE,NT150,NT,37.563056,-77.547222,PIEDMONT,1994,354.6
RICHLOCKS,3/30/94,16.05,4.89,FLOOD,NT150,NT,37.525,-77.421111,PIEDMONT,1994,367.3
LICKRUN,1/15/95,19.23,5.86,FLOOD,NT151,NT,37.773611,-79.784444,MOUNTAIN,1995,0
BUCHANAN,1/16/95,22.67,6.91,MODERATE,NT151,NT,37.530556,-79.679167,MOUNTAIN,1995,57.7
HOLCOMBROCK,1/16/95,24.76,7.55,MODERATE,NT151,NT,37.501111,-79.262778,PIEDMONT,1995,112.3
BENTCREEK,1/16/95,17.6,5.36,FLOOD,NT151,NT,37.536111,-78.829722,PIEDMONT,1995,177.8
SCOTTSVILLE,1/16/95,21.67,6.61,FLOOD,NT151,NT,37.797222,-78.491667,PIEDMONT,1995,240.3
CARTERSVILLE,1/17/95,21.96,6.98,FLOOD,NT151,NT,37.670833,-78.086111,PIEDMONT,1995,291
RICHWEST,1/18/95,16.42,5.32,MODERATE,NT151,NT,37.563056,-77.547222,PIEDMONT,1995,354.6
BUCHANAN,4/9/95,19,5.79,FLOOD,NT152,NT,37.530556,-79.679167,MOUNTAIN,1995,57.7
HOLCOMBROCK,6/28/95,26.87,8.19,MODERATE,NT153,NT,37.501111,-79.262778,PIEDMONT,1995,112.3
BENTCREEK,6/28/95,17.53,5.34,FLOOD,NT153,NT,37.536111,-78.829722,PIEDMONT,1995,177.8
SCOTTSVILLE,6/29/95,21.69,6.61,FLOOD,NT153,NT,37.797222,-78.491667,PIEDMONT,1995,240.3
CARTERSVILLE,6/29/95,21.68,6.89,FLOOD,NT153,NT,37.670833,-78.086111,PIEDMONT,1995,291
LICKRUN,1/19/96,25.03,7.63,MAJOR,NT154,NT,37.773611,-79.784444,MOUNTAIN,1996,0
BUCHANAN,1/20/96,29.26,8.92,MAJOR,NT154,NT,37.530556,-79.679167,MOUNTAIN,1996,57.7
HOLCOMBROCK,1/20/96,30.99,9.45,MAJOR,NT154,NT,37.501111,-79.262778,PIEDMONT,1996,112.3
BENTCREEK,1/20/96,22.1,6.74,MAJOR,NT154,NT,37.536111,-78.829722,PIEDMONT,1996,177.8
SCOTTSVILLE,1/20/96,26.02,7.93,MAJOR,NT154,NT,37.797222,-78.491667,PIEDMONT,1996,240.3
CARTERSVILLE,1/21/96,26.45,8.34,MAJOR,NT154,NT,37.670833,-78.086111,PIEDMONT,1996,291
RICHWEST,1/21/96,20.63,6.6,MODERATE,NT154,NT,37.563056,-77.547222,PIEDMONT,1996,354.6
RICHLOCKS,1/22/96,22.05,6.72,MODERATE,NT154,NT,37.525,-77.421111,PIEDMONT,1996,367.3
RICHLOCKS,1/28/96,9.65,2.94,FLOOD,NT155,NT,37.525,-77.421111,PIEDMONT,1996,367.3
RICHWEST,1/29/96,13.87,4.54,FLOOD,NT155,NT,37.563056,-77.547222,PIEDMONT,1996,354.6
HOLCOMBROCK,9/6/96,22.04,6.72,FLOOD,FRAN,AT,37.501111,-79.262778,PIEDMONT,1996,112.3
LICKRUN,9/7/96,17.88,5.45,FLOOD,FRAN,AT,37.773611,-79.784444,MOUNTAIN,1996,0
BENTCREEK,9/7/96,19.31,5.89,MODERATE,FRAN,AT,37.536111,-78.829722,PIEDMONT,1996,177.8
SCOTTSVILLE,9/7/96,28.24,8.61,MAJOR,FRAN,AT,37.797222,-78.491667,PIEDMONT,1996,240.3
CARTERSVILLE,9/7/96,28.96,9.11,MAJOR,FRAN,AT,37.670833,-78.086111,PIEDMONT,1996,291
RICHWEST,9/8/96,21.23,6.78,MODERATE,FRAN,AT,37.563056,-77.547222,PIEDMONT,1996,354.6
RICHLOCKS,9/8/96,23.75,7.24,MODERATE,FRAN,AT,37.525,-77.421111,PIEDMONT,1996,367.3
BUCHANAN,9/30/96,15.5,4.72,ACTION,NT156,NT,37.530556,-79.679167,MOUNTAIN,1996,57.7
LICKRUN,12/2/96,16.24,4.95,FLOOD,NT157,NT,37.773611,-79.784444,MOUNTAIN,1996,0
BUCHANAN,12/2/96,18.59,5.67,FLOOD,NT157,NT,37.530556,-79.679167,MOUNTAIN,1996,57.7
CARTERSVILLE,12/3/96,20.73,6.6,FLOOD,NT157,NT,37.670833,-78.086111,PIEDMONT,1996,291
RICHWEST,12/3/96,15.72,5.1,MODERATE,NT157,NT,37.563056,-77.547222,PIEDMONT,1996,354.6
BUCHANAN,2/23/97,16.5,5.03,ACTION,NT158,NT,37.530556,-79.679167,MOUNTAIN,1997,57.7
RICHWEST,3/5/97,12.4,4.09,FLOOD,NT159,NT,37.563056,-77.547222,PIEDMONT,1997,354.6
LICKRUN,1/8/98,18.42,5.61,FLOOD,NT160,NT,37.773611,-79.784444,MOUNTAIN,1998,0
BUCHANAN,1/9/98,19.95,6.08,FLOOD,NT160,NT,37.530556,-79.679167,MOUNTAIN,1998,57.7
HOLCOMBROCK,1/9/98,24.11,7.35,MODERATE,NT160,NT,37.501111,-79.262778,PIEDMONT,1998,112.3
BENTCREEK,1/9/98,17,5.18,FLOOD,NT160,NT,37.536111,-78.829722,PIEDMONT,1998,177.8
SCOTTSVILLE,1/9/98,21.15,6.45,FLOOD,NT160,NT,37.797222,-78.491667,PIEDMONT,1998,240.3
CARTERSVILLE,1/10/98,21.05,6.7,FLOOD,NT160,NT,37.670833,-78.086111,PIEDMONT,1998,291
RICHWEST,1/10/98,15.7,5.1,MODERATE,NT160,NT,37.563056,-77.547222,PIEDMONT,1998,354.6
RICHLOCKS,1/10/98,12.44,3.79,FLOOD,NT160,NT,37.525,-77.421111,PIEDMONT,1998,367.3
SEWELLS,1/28/98,6.04,1.35,MODERATE,NT161,NT,36.946667,-76.33,COASTAL,1998,532
CARTERSVILLE,1/29/98,21.87,6.95,FLOOD,NT161,NT,37.670833,-78.086111,PIEDMONT,1998,291
RICHWEST,1/29/98,16.77,5.42,MODERATE,NT161,NT,37.563056,-77.547222,PIEDMONT,1998,354.6
RICHLOCKS,1/29/98,14.97,4.56,FLOOD,NT161,NT,37.525,-77.421111,PIEDMONT,1998,367.3
SCOTTSVILLE,2/5/98,18.66,5.69,ACTION,NT162,NT,37.797222,-78.491667,PIEDMONT,1998,240.3
CARTERSVILLE,2/5/98,21.69,6.89,FLOOD,NT162,NT,37.670833,-78.086111,PIEDMONT,1998,291
SEWELLS,2/5/98,6.58,1.52,MAJOR,NT162,NT,36.946667,-76.33,COASTAL,1998,532
RICHWEST,2/6/98,16.72,5.41,MODERATE,NT162,NT,37.563056,-77.547222,PIEDMONT,1998,354.6
RICHLOCKS,2/6/98,15.39,4.69,FLOOD,NT162,NT,37.525,-77.421111,PIEDMONT,1998,367.3
SCOTTSVILLE,2/18/98,17.9,5.46,ACTION,NT163,NT,37.797222,-78.491667,PIEDMONT,1998,240.3
CARTERSVILLE,2/18/98,21.91,6.96,FLOOD,NT163,NT,37.670833,-78.086111,PIEDMONT,1998,291
RICHWEST,2/19/98,16.66,5.39,MODERATE,NT163,NT,37.563056,-77.547222,PIEDMONT,1998,354.6
RICHLOCKS,2/19/98,14.51,4.42,FLOOD,NT163,NT,37.525,-77.421111,PIEDMONT,1998,367.3
RICHWEST,3/10/98,11.54,3.83,ACTION,NT164,NT,37.563056,-77.547222,PIEDMONT,1998,354.6
LICKRUN,3/21/98,15.89,4.84,ACTION,NT165,NT,37.773611,-79.784444,MOUNTAIN,1998,0
BUCHANAN,3/21/98,18.87,5.75,FLOOD,NT165,NT,37.530556,-79.679167,MOUNTAIN,1998,57.7
SCOTTSVILLE,3/22/98,19.24,5.86,ACTION,NT165,NT,37.797222,-78.491667,PIEDMONT,1998,240.3
RICHWEST,3/22/98,16.75,5.42,MODERATE,NT165,NT,37.563056,-77.547222,PIEDMONT,1998,354.6
RICHLOCKS,3/23/98,14.87,4.53,FLOOD,NT165,NT,37.525,-77.421111,PIEDMONT,1998,367.3
SCOTTSVILLE,4/21/98,15.7,4.79,ACTION,NT166,NT,37.797222,-78.491667,PIEDMONT,1998,240.3
RICHWEST,4/22/98,12.77,4.21,FLOOD,NT166,NT,37.563056,-77.547222,PIEDMONT,1998,354.6
RICHWEST,5/9/98,12.17,4.02,FLOOD,NT167,NT,37.563056,-77.547222,PIEDMONT,1998,354.6
RICHWEST,1/25/99,9.46,3.2,ACTION,NT168,NT,37.563056,-77.547222,PIEDMONT,1999,354.6
BUCHANAN,3/5/99,19.5,5.94,FLOOD,NT169,NT,37.530556,-79.679167,MOUNTAIN,1999,57.7
SEWELLS,9/16/99,5.97,1.33,MODERATE,FLOYD,AT,36.946667,-76.33,COASTAL,1999,532
CARTERSVILLE,9/30/99,21.73,6.91,FLOOD,NT170,NT,37.670833,-78.086111,PIEDMONT,1999,291
SCOTTSVILLE,10/1/99,20.36,6.21,FLOOD,NT170,NT,37.797222,-78.491667,PIEDMONT,1999,240.3
RICHWEST,10/1/99,15.43,5.02,MODERATE,NT170,NT,37.563056,-77.547222,PIEDMONT,1999,354.6
RICHLOCKS,10/1/99,12.06,3.68,FLOOD,NT170,NT,37.525,-77.421111,PIEDMONT,1999,367.3
CARTERSVILLE,3/2/00,16,5.16,ACTION,NT171,NT,37.670833,-78.086111,PIEDMONT,2000,291
BUCHANAN,4/18/00,12.44,3.79,ACTION,NT172,NT,37.530556,-79.679167,MOUNTAIN,2000,57.7
SCOTTSVILLE,4/19/00,12.65,3.86,ACTION,NT172,NT,37.797222,-78.491667,PIEDMONT,2000,240.3
BUCHANAN,11/26/00,21.4,6.52,MODERATE,NT173,NT,37.530556,-79.679167,MOUNTAIN,2000,57.7
RICHLOCKS,3/24/01,19.3,5.88,MODERATE,NT174,NT,37.525,-77.421111,PIEDMONT,2001,367.3
RICHWEST,3/31/01,11.82,3.92,ACTION,NT175,NT,37.563056,-77.547222,PIEDMONT,2001,354.6
RICHLOCKS,4/22/01,14,4.27,FLOOD,NT176,NT,37.525,-77.421111,PIEDMONT,2001,367.3
BUCHANAN,5/23/01,12.96,3.95,ACTION,NT177,NT,37.530556,-79.679167,MOUNTAIN,2001,57.7
CARTERSVILLE,5/23/01,27,8.51,MAJOR,NT177,NT,37.670833,-78.086111,PIEDMONT,2001,291
SCOTTSVILLE,5/24/01,12.24,3.73,ACTION,NT177,NT,37.797222,-78.491667,PIEDMONT,2001,240.3
CARTERSVILLE,12/30/01,26.7,8.42,MAJOR,NT178,NT,37.670833,-78.086111,PIEDMONT,2001,291
RICHLOCKS,12/31/01,23.2,7.07,MODERATE,NT178,NT,37.525,-77.421111,PIEDMONT,2001,367.3
BUCHANAN,3/1/02,25,7.62,MODERATE,NT179,NT,37.530556,-79.679167,MOUNTAIN,2002,57.7
RICHLOCKS,3/2/02,19,5.79,MODERATE,NT179,NT,37.525,-77.421111,PIEDMONT,2002,367.3
LICKRUN,2/23/03,19.86,6.05,FLOOD,NT180,NT,37.773611,-79.784444,MOUNTAIN,2003,0
BUCHANAN,2/23/03,24.03,7.32,MODERATE,NT180,NT,37.530556,-79.679167,MOUNTAIN,2003,57.7
HOLCOMBROCK,2/23/03,26.9,8.2,MODERATE,NT180,NT,37.501111,-79.262778,PIEDMONT,2003,112.3
BENTCREEK,2/24/03,17.97,5.48,FLOOD,NT180,NT,37.536111,-78.829722,PIEDMONT,2003,177.8
SCOTTSVILLE,2/24/03,22.58,6.88,MODERATE,NT180,NT,37.797222,-78.491667,PIEDMONT,2003,240.3
CARTERSVILLE,2/24/03,24.47,7.74,MODERATE,NT180,NT,37.670833,-78.086111,PIEDMONT,2003,291
RICHWEST,2/25/03,18.73,6.02,MODERATE,NT180,NT,37.563056,-77.547222,PIEDMONT,2003,354.6
RICHLOCKS,2/25/03,17.76,5.41,FLOOD,NT180,NT,37.525,-77.421111,PIEDMONT,2003,367.3
RICHWEST,3/21/03,14.44,4.71,FLOOD,NT181,NT,37.563056,-77.547222,PIEDMONT,2003,354.6
RICHLOCKS,3/21/03,10.8,3.29,FLOOD,NT181,NT,37.525,-77.421111,PIEDMONT,2003,367.3
BUCHANAN,3/24/03,17.5,5.33,FLOOD,NT182,NT,37.530556,-79.679167,MOUNTAIN,2003,57.7
RICHLOCKS,4/11/03,9.28,2.83,FLOOD,NT183,NT,37.525,-77.421111,PIEDMONT,2003,367.3
SCOTTSVILLE,4/12/03,19,5.79,ACTION,NT183,NT,37.797222,-78.491667,PIEDMONT,2003,240.3
RICHWEST,4/12/03,12.99,4.27,FLOOD,NT183,NT,37.563056,-77.547222,PIEDMONT,2003,354.6
RICHWEST,5/20/03,14.4,4.7,FLOOD,NT184,NT,37.563056,-77.547222,PIEDMONT,2003,354.6
RICHLOCKS,5/21/03,10.72,3.27,FLOOD,NT184,NT,37.525,-77.421111,PIEDMONT,2003,367.3
CARTERSVILLE,6/7/03,22,6.99,FLOOD,NT185,NT,37.670833,-78.086111,PIEDMONT,2003,291
RICHLOCKS,6/8/03,14.7,4.48,FLOOD,NT185,NT,37.525,-77.421111,PIEDMONT,2003,367.3
RICHWEST,7/4/03,13.28,4.36,FLOOD,BILL03,GH,37.563056,-77.547222,PIEDMONT,2003,354.6
SEWELLS,9/18/03,7.89,1.91,MAJOR,ISABEL03,AH,36.946667,-76.33,COASTAL,2003,532
RICHLOCKS,9/19/03,12.08,3.68,FLOOD,ISABEL03,AH,37.525,-77.421111,PIEDMONT,2003,367.3
CARTERSVILLE,9/20/03,22.87,7.25,FLOOD,ISABEL03,AH,37.670833,-78.086111,PIEDMONT,2003,291
RICHWEST,9/20/03,17.1,5.53,MODERATE,ISABEL03,AH,37.563056,-77.547222,PIEDMONT,2003,354.6
RICHLOCKS,9/21/03,15.15,4.62,FLOOD,ISABEL03,AH,37.525,-77.421111,PIEDMONT,2003,367.3
RICHWEST,11/21/03,14.57,4.75,FLOOD,NT186,NT,37.563056,-77.547222,PIEDMONT,2003,354.6
RICHLOCKS,11/21/03,10.05,3.06,FLOOD,NT186,NT,37.525,-77.421111,PIEDMONT,2003,367.3
RICHWEST,12/12/03,13.54,4.44,FLOOD,NT187,NT,37.563056,-77.547222,PIEDMONT,2003,354.6
RICHWEST,2/8/04,12.61,4.16,FLOOD,NT188,NT,37.563056,-77.547222,PIEDMONT,2004,354.6
RICHWEST,4/15/04,13.36,4.39,FLOOD,NT189,NT,37.563056,-77.547222,PIEDMONT,2004,354.6
RICHLOCKS,8/31/04,11.73,3.58,FLOOD,GASTON,AH,37.525,-77.421111,PIEDMONT,2004,367.3
RICHWEST,9/10/04,12.8,4.21,FLOOD,FRANCES,GH,37.563056,-77.547222,PIEDMONT,2004,354.6
LICKRUN,9/29/04,21.69,6.61,FLOOD,JEANNE,AH,37.773611,-79.784444,MOUNTAIN,2004,0
BUCHANAN,9/29/04,25.66,7.82,MODERATE,JEANNE,AH,37.530556,-79.679167,MOUNTAIN,2004,57.7
HOLCOMBROCK,9/29/04,24.5,7.47,MODERATE,JEANNE,AH,37.501111,-79.262778,PIEDMONT,2004,112.3
BENTCREEK,9/30/04,16.99,5.18,FLOOD,JEANNE,AH,37.536111,-78.829722,PIEDMONT,2004,177.8
SCOTTSVILLE,9/30/04,20.68,6.3,FLOOD,JEANNE,AH,37.797222,-78.491667,PIEDMONT,2004,240.3
CARTERSVILLE,9/30/04,20.49,6.53,FLOOD,JEANNE,AH,37.670833,-78.086111,PIEDMONT,2004,291
RICHWEST,10/1/04,15.5,5.04,MODERATE,JEANNE,AH,37.563056,-77.547222,PIEDMONT,2004,354.6
RICHLOCKS,10/1/04,11.77,3.59,FLOOD,JEANNE,AH,37.525,-77.421111,PIEDMONT,2004,367.3
CARTERSVILLE,1/15/05,17.78,5.7,ACTION,NT190,NT,37.670833,-78.086111,PIEDMONT,2005,291
RICHWEST,1/15/05,14.4,4.7,FLOOD,NT190,NT,37.563056,-77.547222,PIEDMONT,2005,354.6
RICHLOCKS,1/15/05,9.84,3,FLOOD,NT190,NT,37.525,-77.421111,PIEDMONT,2005,367.3
RICHLOCKS,1/16/05,9.84,3,FLOOD,NT190,NT,37.525,-77.421111,PIEDMONT,2005,367.3
BUCHANAN,3/29/05,14.41,4.39,ACTION,NT191,NT,37.530556,-79.679167,MOUNTAIN,2005,57.7
SCOTTSVILLE,3/30/05,14.33,4.37,ACTION,NT191,NT,37.797222,-78.491667,PIEDMONT,2005,240.3
BUCHANAN,6/13/05,15.4,4.69,ACTION,NT192,NT,37.530556,-79.679167,MOUNTAIN,2005,57.7
CARTERSVILLE,7/14/05,17,5.46,ACTION,DENNIS05,GT,37.670833,-78.086111,PIEDMONT,2005,291
CARTERSVILLE,11/30/05,19.03,6.08,ACTION,NT193,NT,37.670833,-78.086111,PIEDMONT,2005,291
RICHWEST,12/1/05,14.36,4.69,FLOOD,NT194,NT,37.563056,-77.547222,PIEDMONT,2005,354.6
RICHLOCKS,12/1/05,9.67,2.95,FLOOD,NT194,NT,37.525,-77.421111,PIEDMONT,2005,367.3
CARTERSVILLE,1/4/06,17.1,5.49,ACTION,NT195,NT,37.670833,-78.086111,PIEDMONT,2006,291
LICKRUN,6/27/06,19.79,6.03,FLOOD,NT196,NT,37.773611,-79.784444,MOUNTAIN,2006,0
SCOTTSVILLE,6/27/06,20.26,6.18,FLOOD,NT196,NT,37.797222,-78.491667,PIEDMONT,2006,240.3
BUCHANAN,6/28/06,21.98,6.7,MODERATE,NT196,NT,37.530556,-79.679167,MOUNTAIN,2006,57.7
HOLCOMBROCK,6/28/06,22.74,6.93,FLOOD,NT196,NT,37.501111,-79.262778,PIEDMONT,2006,112.3
BENTCREEK,6/28/06,15.71,4.79,ACTION,NT196,NT,37.536111,-78.829722,PIEDMONT,2006,177.8
CARTERSVILLE,6/28/06,21.15,6.73,FLOOD,NT196,NT,37.670833,-78.086111,PIEDMONT,2006,291
RICHWEST,6/29/06,15.81,5.13,MODERATE,NT196,NT,37.563056,-77.547222,PIEDMONT,2006,354.6
RICHLOCKS,6/30/06,11.86,3.61,FLOOD,NT196,NT,37.525,-77.421111,PIEDMONT,2006,367.3
SEWELLS,10/7/06,6.52,1.5,MAJOR,NT197,NT,36.946667,-76.33,COASTAL,2006,532
CARTERSVILLE,10/8/06,19.97,6.37,ACTION,NT197,NT,37.670833,-78.086111,PIEDMONT,2006,291
RICHWEST,10/8/06,15.42,5.01,MODERATE,NT197,NT,37.563056,-77.547222,PIEDMONT,2006,354.6
RICHLOCKS,10/8/06,12.19,3.72,FLOOD,NT197,NT,37.525,-77.421111,PIEDMONT,2006,367.3
CARTERSVILLE,10/21/06,23.8,7.54,MODERATE,NT198,NT,37.670833,-78.086111,PIEDMONT,2006,291
RICHLOCKS,10/22/06,18.7,5.7,FLOOD,NT198,NT,37.525,-77.421111,PIEDMONT,2006,367.3
HOLCOMBROCK,11/17/06,19.69,6,ACTION,NT199,NT,37.501111,-79.262778,PIEDMONT,2006,112.3
RICHWEST,11/18/06,13.63,4.47,FLOOD,NT199,NT,37.563056,-77.547222,PIEDMONT,2006,354.6
RICHLOCKS,11/18/06,8.73,2.66,FLOOD,NT199,NT,37.525,-77.421111,PIEDMONT,2006,367.3
SEWELLS,11/22/06,6.63,1.53,MAJOR,NT199,NT,36.946667,-76.33,COASTAL,2006,532
RICHWEST,3/4/07,12.22,4.04,FLOOD,NT200,NT,37.563056,-77.547222,PIEDMONT,2007,354.6
RICHWEST,3/18/07,12.92,4.25,FLOOD,NT201,NT,37.563056,-77.547222,PIEDMONT,2007,354.6
LICKRUN,4/16/07,17.18,5.24,FLOOD,NT202,NT,37.773611,-79.784444,MOUNTAIN,2007,0
BUCHANAN,4/16/07,17.85,5.44,FLOOD,NT202,NT,37.530556,-79.679167,MOUNTAIN,2007,57.7
SCOTTSVILLE,4/17/07,17.4,5.3,ACTION,NT202,NT,37.797222,-78.491667,PIEDMONT,2007,240.3
RICHWEST,4/18/07,13.82,4.53,FLOOD,NT202,NT,37.563056,-77.547222,PIEDMONT,2007,354.6
RICHLOCKS,4/18/07,8.5,2.59,FLOOD,NT202,NT,37.525,-77.421111,PIEDMONT,2007,367.3
RICHLOCKS,6/3/07,14.7,4.48,FLOOD,BARRY07,AT,37.525,-77.421111,PIEDMONT,2007,367.3
BUCHANAN,6/14/07,17,5.18,FLOOD,NT203,NT,37.530556,-79.679167,MOUNTAIN,2007,57.7
BUCHANAN,2/16/08,19,5.79,FLOOD,NT204,NT,37.530556,-79.679167,MOUNTAIN,2008,57.7
CARTERSVILLE,2/17/08,19.8,6.32,ACTION,NT204,NT,37.670833,-78.086111,PIEDMONT,2008,291
RICHLOCKS,2/17/08,13.9,4.24,FLOOD,NT204,NT,37.525,-77.421111,PIEDMONT,2008,367.3
BUCHANAN,4/29/08,12.67,3.86,ACTION,NT205,NT,37.530556,-79.679167,MOUNTAIN,2008,57.7
SCOTTSVILLE,4/29/08,13.31,4.06,ACTION,NT205,NT,37.797222,-78.491667,PIEDMONT,2008,240.3
RICHWEST,4/30/08,11.23,3.74,ACTION,NT205,NT,37.563056,-77.547222,PIEDMONT,2008,354.6
BUCHANAN,4/14/09,15,4.57,ACTION,NT206,NT,37.530556,-79.679167,MOUNTAIN,2009,57.7
CARTERSVILLE,4/16/09,15.8,5.1,ACTION,NT206,NT,37.670833,-78.086111,PIEDMONT,2009,291
RICHWEST,5/8/09,10.66,3.56,ACTION,NT207,NT,37.563056,-77.547222,PIEDMONT,2009,354.6
SCOTTSVILLE,5/18/09,11.41,3.48,ACTION,NT208,NT,37.797222,-78.491667,PIEDMONT,2009,240.3
SEWELLS,11/12/09,7.74,1.87,MAJOR,NT209,NT,36.946667,-76.33,COASTAL,2009,532
RICHWEST,11/14/09,13.3,4.37,FLOOD,NT209,NT,37.563056,-77.547222,PIEDMONT,2009,354.6
RICHLOCKS,11/14/09,9.38,2.86,FLOOD,NT209,NT,37.525,-77.421111,PIEDMONT,2009,367.3
RICHWEST,12/10/09,13.74,4.5,FLOOD,NT210,NT,37.563056,-77.547222,PIEDMONT,2009,354.6
RICHLOCKS,12/10/09,8.85,2.7,FLOOD,NT210,NT,37.525,-77.421111,PIEDMONT,2009,367.3
RICHWEST,12/27/09,13.31,4.37,FLOOD,NT211,NT,37.563056,-77.547222,PIEDMONT,2009,354.6
RICHLOCKS,12/27/09,8.61,2.62,FLOOD,NT211,NT,37.525,-77.421111,PIEDMONT,2009,367.3
LICKRUN,1/25/10,18.58,5.66,FLOOD,NT212,NT,37.773611,-79.784444,MOUNTAIN,2010,0
BUCHANAN,1/26/10,20.19,6.15,FLOOD,NT212,NT,37.530556,-79.679167,MOUNTAIN,2010,57.7
HOLCOMBROCK,1/26/10,23.78,7.25,FLOOD,NT212,NT,37.501111,-79.262778,PIEDMONT,2010,112.3
BENTCREEK,1/26/10,16.85,5.14,FLOOD,NT212,NT,37.536111,-78.829722,PIEDMONT,2010,177.8
SCOTTSVILLE,1/26/10,22.1,6.74,MODERATE,NT212,NT,37.797222,-78.491667,PIEDMONT,2010,240.3
CARTERSVILLE,1/26/10,23.94,7.58,MODERATE,NT212,NT,37.670833,-78.086111,PIEDMONT,2010,291
RICHWEST,1/27/10,18.1,5.83,MODERATE,NT212,NT,37.563056,-77.547222,PIEDMONT,2010,354.6
RICHLOCKS,1/27/10,15.92,4.85,FLOOD,NT212,NT,37.525,-77.421111,PIEDMONT,2010,367.3
RICHWEST,3/15/10,13.38,4.39,FLOOD,NT213,NT,37.563056,-77.547222,PIEDMONT,2010,354.6
RICHLOCKS,3/15/10,8.82,2.69,FLOOD,NT213,NT,37.525,-77.421111,PIEDMONT,2010,367.3
BUCHANAN,6/14/10,16,4.88,ACTION,NT214,NT,37.530556,-79.679167,MOUNTAIN,2010,57.7
CARTERSVILLE,6/17/10,20.3,6.47,FLOOD,NT214,NT,37.670833,-78.086111,PIEDMONT,2010,291
RICHLOCKS,6/18/10,14.1,4.3,FLOOD,NT214,NT,37.525,-77.421111,PIEDMONT,2010,367.3
CARTERSVILLE,1/4/11,16.3,5.25,ACTION,NT215,NT,37.670833,-78.086111,PIEDMONT,2011,291
BUCHANAN,3/7/11,15.94,4.86,ACTION,NT216,NT,37.530556,-79.679167,MOUNTAIN,2011,57.7
RICHWEST,3/8/11,12.69,4.18,FLOOD,NT216,NT,37.563056,-77.547222,PIEDMONT,2011,354.6
CARTERSVILLE,3/11/11,18.97,6.06,ACTION,NT217,NT,37.670833,-78.086111,PIEDMONT,2011,291
RICHWEST,3/12/11,14.78,4.82,FLOOD,NT217,NT,37.563056,-77.547222,PIEDMONT,2011,354.6
RICHLOCKS,3/12/11,10.24,3.12,FLOOD,NT217,NT,37.525,-77.421111,PIEDMONT,2011,367.3
LICKRUN,4/17/11,14.76,4.5,ACTION,NT218,NT,37.773611,-79.784444,MOUNTAIN,2011,0
HOLCOMBROCK,4/17/11,20.68,6.3,ACTION,NT218,NT,37.501111,-79.262778,PIEDMONT,2011,112.3
SCOTTSVILLE,4/18/11,18.48,5.63,ACTION,NT218,NT,37.797222,-78.491667,PIEDMONT,2011,240.3
CARTERSVILLE,4/18/11,19.73,6.3,ACTION,NT218,NT,37.670833,-78.086111,PIEDMONT,2011,291
RICHWEST,4/18/11,15.07,4.91,MODERATE,NT218,NT,37.563056,-77.547222,PIEDMONT,2011,354.6
RICHLOCKS,4/18/11,10.52,3.21,FLOOD,NT218,NT,37.525,-77.421111,PIEDMONT,2011,367.3
SEWELLS,8/27/11,7.55,1.81,MAJOR,IRENE11,AH,36.946667,-76.33,COASTAL,2011,532
SEWELLS,10/29/11,5.34,1.14,FLOOD,NT219,NT,36.946667,-76.33,COASTAL,2011,532
LICKRUN,12/8/11,15.1,4.6,ACTION,NT220,NT,37.773611,-79.784444,MOUNTAIN,2011,0
HOLCOMBROCK,12/8/11,19.09,5.82,ACTION,NT220,NT,37.501111,-79.262778,PIEDMONT,2011,112.3
CARTERSVILLE,12/8/11,18.61,5.95,ACTION,NT220,NT,37.670833,-78.086111,PIEDMONT,2011,291
SCOTTSVILLE,12/9/11,17.28,5.27,ACTION,NT220,NT,37.797222,-78.491667,PIEDMONT,2011,240.3
RICHWEST,12/9/11,15.51,5.04,MODERATE,NT220,NT,37.563056,-77.547222,PIEDMONT,2011,354.6
RICHLOCKS,12/9/11,10.04,3.06,FLOOD,NT220,NT,37.525,-77.421111,PIEDMONT,2011,367.3
RICHWEST,3/3/12,13.24,4.35,FLOOD,NT221,NT,37.563056,-77.547222,PIEDMONT,2012,354.6
RICHLOCKS,3/17/12,17.8,5.43,FLOOD,NT222,NT,37.525,-77.421111,PIEDMONT,2012,367.3
BUCHANAN,3/30/12,16.5,5.03,ACTION,NT223,NT,37.530556,-79.679167,MOUNTAIN,2012,57.7
CARTERSVILLE,5/13/12,22.5,7.14,FLOOD,NT224,NT,37.670833,-78.086111,PIEDMONT,2012,291
SEWELLS,10/28/12,5.99,1.34,MODERATE,SANDY,AH,36.946667,-76.33,COASTAL,2012,532
SEWELLS,10/29/12,6.81,1.59,MAJOR,SANDY,AH,36.946667,-76.33,COASTAL,2012,532
RICHWEST,1/18/13,12.64,4.17,FLOOD,NT225,NT,37.563056,-77.547222,PIEDMONT,2013,354.6
LICKRUN,1/31/13,16.83,5.13,FLOOD,NT226,NT,37.773611,-79.784444,MOUNTAIN,2013,0
BUCHANAN,2/1/13,17.49,5.33,FLOOD,NT227,NT,37.530556,-79.679167,MOUNTAIN,2013,57.7
RICHWEST,2/2/13,14.95,4.87,FLOOD,NT227,NT,37.563056,-77.547222,PIEDMONT,2013,354.6
RICHLOCKS,2/2/13,8.95,2.73,FLOOD,NT227,NT,37.525,-77.421111,PIEDMONT,2013,367.3
SEWELLS,2/8/13,4.62,0.92,FLOOD,NT228,NT,36.946667,-76.33,COASTAL,2013,532
SEWELLS,3/6/13,5.47,1.18,FLOOD,NT229,NT,36.946667,-76.33,COASTAL,2013,532
LICKRUN,3/12/13,30.4,9.27,MAJOR,NT230,NT,37.773611,-79.784444,MOUNTAIN,2013,0
BUCHANAN,3/27/13,31,9.45,MAJOR,NT231,NT,37.530556,-79.679167,MOUNTAIN,2013,57.7
HOLCOMBROCK,3/28/13,31.3,9.54,MAJOR,NT231,NT,37.501111,-79.262778,PIEDMONT,2013,112.3
CARTERSVILLE,3/29/13,23.4,7.41,MODERATE,NT231,NT,37.670833,-78.086111,PIEDMONT,2013,291
RICHLOCKS,3/30/13,17.5,5.33,FLOOD,NT231,NT,37.525,-77.421111,PIEDMONT,2013,367.3
LICKRUN,5/8/13,17.29,5.27,FLOOD,NT232,NT,37.773611,-79.784444,MOUNTAIN,2013,0
BUCHANAN,5/8/13,19.57,5.96,FLOOD,NT232,NT,37.530556,-79.679167,MOUNTAIN,2013,57.7
HOLCOMBROCK,5/8/13,21.71,6.62,ACTION,NT232,NT,37.501111,-79.262778,PIEDMONT,2013,112.3
BENTCREEK,5/8/13,15.15,4.62,ACTION,NT232,NT,37.536111,-78.829722,PIEDMONT,2013,177.8
SCOTTSVILLE,5/9/13,19.39,5.91,ACTION,NT232,NT,37.797222,-78.491667,PIEDMONT,2013,240.3
CARTERSVILLE,5/9/13,19.69,6.28,ACTION,NT232,NT,37.670833,-78.086111,PIEDMONT,2013,291
RICHWEST,5/9/13,15,4.89,MODERATE,NT232,NT,37.563056,-77.547222,PIEDMONT,2013,354.6
RICHLOCKS,5/10/13,10.81,3.29,FLOOD,NT232,NT,37.525,-77.421111,PIEDMONT,2013,367.3
RICHWEST,5/1/14,14.92,4.86,FLOOD,NT233,NT,37.563056,-77.547222,PIEDMONT,2014,354.6
RICHLOCKS,5/1/14,10.76,3.28,FLOOD,NT233,NT,37.525,-77.421111,PIEDMONT,2014,367.3
SCOTTSVILLE,5/16/14,16.38,4.99,ACTION,NT234,NT,37.797222,-78.491667,PIEDMONT,2014,240.3
CARTERSVILLE,5/16/14,20.5,6.53,FLOOD,NT234,NT,37.670833,-78.086111,PIEDMONT,2014,291
RICHWEST,5/17/14,15.36,4.99,MODERATE,NT234,NT,37.563056,-77.547222,PIEDMONT,2014,354.6
RICHLOCKS,5/17/14,11.45,3.49,FLOOD,NT234,NT,37.525,-77.421111,PIEDMONT,2014,367.3
BUCHANAN,2/2/15,20,6.1,FLOOD,NT235,NT,37.530556,-79.679167,MOUNTAIN,2015,57.7
CARTERSVILLE,2/4/15,20.6,6.56,FLOOD,NT235,NT,37.670833,-78.086111,PIEDMONT,2015,291
RICHLOCKS,2/6/15,14.8,4.51,FLOOD,NT235,NT,37.525,-77.421111,PIEDMONT,2015,367.3
BUCHANAN,3/6/15,16.6,5.06,ACTION,NT235,NT,37.530556,-79.679167,MOUNTAIN,2015,57.7
HOLCOMBROCK,3/6/15,18.21,5.55,ACTION,NT235,NT,37.501111,-79.262778,PIEDMONT,2015,112.3
SCOTTSVILLE,3/6/15,15.91,4.85,ACTION,NT235,NT,37.797222,-78.491667,PIEDMONT,2015,240.3
CARTERSVILLE,3/7/15,15.9,5.13,ACTION,NT235,NT,37.670833,-78.086111,PIEDMONT,2015,291
RICHWEST,3/7/15,12.71,4.19,FLOOD,NT235,NT,37.563056,-77.547222,PIEDMONT,2015,354.6
RICHLOCKS,3/7/15,6.95,2.12,ACTION,NT235,NT,37.525,-77.421111,PIEDMONT,2015,367.3
RICHWEST,4/22/15,12.18,4.03,FLOOD,NT236,NT,37.563056,-77.547222,PIEDMONT,2015,354.6
RICHLOCKS,4/22/15,6.97,2.12,ACTION,NT236,NT,37.525,-77.421111,PIEDMONT,2015,367.3
SEWELLS,9/26/15,5.24,1.11,FLOOD,NT237,NT,36.946667,-76.33,COASTAL,2015,532
FTMONROE,9/26/15,5.21,1.07,FLOOD,NT237,NT,37.001944,-76.315,COASTAL,2015,538.5
RICHWEST,10/1/15,10.56,3.53,ACTION,NT238,NT,37.563056,-77.547222,PIEDMONT,2015,354.6
CARTERSVILLE,10/2/15,18.4,5.89,ACTION,NT238,NT,37.670833,-78.086111,PIEDMONT,2015,291
SEWELLS,10/2/15,6.2,1.4,MODERATE,NT238,NT,36.946667,-76.33,COASTAL,2015,532
FTMONROE,10/2/15,6.21,1.37,MODERATE,NT238,NT,37.001944,-76.315,COASTAL,2015,538.5
RICHWEST,10/4/15,11.2,3.73,ACTION,NT238,NT,37.563056,-77.547222,PIEDMONT,2015,354.6
RICHLOCKS,10/4/15,7.43,2.26,ACTION,NT238,NT,37.525,-77.421111,PIEDMONT,2015,367.3
JAMESTOWN,10/4/15,6.27,1.54,MAJOR,NT238,NT,37.220139,-76.791453,COASTAL,2015,469.3
SEWELLS,10/4/15,6.5,1.49,FLOOD,NT238,NT,36.946667,-76.33,COASTAL,2015,532
FTMONROE,10/4/15,6.42,1.44,MODERATE,NT238,NT,37.001944,-76.315,COASTAL,2015,538.5
RICHWEST,12/25/15,10.57,3.53,ACTION,NT239,NT,37.563056,-77.547222,PIEDMONT,2015,354.6
SEWELLS,1/23/16,5.29,1.12,FLOOD,NT240,NT,36.946667,-76.33,COASTAL,2016,532
FTMONROE,1/23/16,5.29,1.09,FLOOD,NT240,NT,37.001944,-76.315,COASTAL,2016,538.5
LICKRUN,2/3/16,12.51,3.81,ACTION,NT241,NT,37.773611,-79.784444,MOUNTAIN,2016,0
RICHWEST,2/5/16,12.02,3.98,FLOOD,NT241,NT,37.563056,-77.547222,PIEDMONT,2016,354.6
JAMESTOWN,2/9/16,4.28,0.93,FLOOD,NT241,NT,37.220139,-76.791453,COASTAL,2016,469.3
SEWELLS,2/9/16,4.93,1.01,FLOOD,NT241,NT,36.946667,-76.33,COASTAL,2016,532
FTMONROE,2/9/16,4.98,1,FLOOD,NT241,NT,37.001944,-76.315,COASTAL,2016,538.5
CARTERSVILLE,2/25/16,16.72,5.38,ACTION,NT242,NT,37.670833,-78.086111,PIEDMONT,2016,291
RICHWEST,2/25/16,13.4,4.4,FLOOD,NT242,NT,37.563056,-77.547222,PIEDMONT,2016,354.6
RICHLOCKS,2/25/16,7.91,2.41,ACTION,NT242,NT,37.525,-77.421111,PIEDMONT,2016,367.3
LICKRUN,3/5/16,13.93,4.25,ACTION,NT243,NT,37.773611,-79.784444,MOUNTAIN,2016,0
SEWELLS,5/5/16,5.13,1.07,MODERATE,NT244,NT,36.946667,-76.33,COASTAL,2016,532
FTMONROE,5/5/16,5.13,1.04,FLOOD,NT244,NT,37.001944,-76.315,COASTAL,2016,538.5
LICKRUN,6/24/16,22.84,6.96,MODERATE,NT245,NT,37.773611,-79.784444,MOUNTAIN,2016,0
BUCHANAN,6/24/16,20.33,6.2,FLOOD,NT245,NT,37.530556,-79.679167,MOUNTAIN,2016,57.7
HOLCOMBROCK,6/24/16,19.36,5.9,ACTION,NT245,NT,37.501111,-79.262778,PIEDMONT,2016,112.3
SCOTTSVILLE,6/25/16,16.36,4.99,ACTION,NT245,NT,37.797222,-78.491667,PIEDMONT,2016,240.3
JAMESTOWN,9/3/16,5.4,1.27,MAJOR,HERMINE16,GH,37.220139,-76.791453,COASTAL,2016,469.3
SEWELLS,9/3/16,6.16,1.39,FLOOD,HERMINE16,GH,36.946667,-76.33,COASTAL,2016,532
FTMONROE,9/3/16,6.03,1.32,MODERATE,HERMINE16,GH,37.001944,-76.315,COASTAL,2016,538.5
SEWELLS,9/29/16,4.95,1.02,FLOOD,NT246,NT,36.946667,-76.33,COASTAL,2016,532
SEWELLS,10/1/16,4.62,0.92,MODERATE,NT246,NT,36.946667,-76.33,COASTAL,2016,532
JAMESTOWN,10/9/16,4.96,1.14,MODERATE,MATTHEW,AH,37.220139,-76.791453,COASTAL,2016,469.3
SEWELLS,10/9/16,5.86,1.3,FLOOD,MATTHEW,AH,36.946667,-76.33,COASTAL,2016,532
FTMONROE,10/9/16,5.63,1.2,MODERATE,MATTHEW,AH,37.001944,-76.315,COASTAL,2016,538.5
JAMESTOWN,12/6/16,3.83,0.79,ACTION,NT247,NT,37.220139,-76.791453,COASTAL,2016,469.3
JAMESTOWN,1/24/17,4.07,0.87,FLOOD,NT248,NT,37.220139,-76.791453,COASTAL,2017,469.3
SEWELLS,1/24/17,4.91,1.01,FLOOD,NT248,NT,36.946667,-76.33,COASTAL,2017,532
FTMONROE,1/24/17,4.79,0.94,FLOOD,NT248,NT,37.001944,-76.315,COASTAL,2017,538.5
BUCHANAN,3/5/17,17.7,5.39,FLOOD,NT249,NT,37.530556,-79.679167,MOUNTAIN,2017,57.7
CARTERSVILLE,3/6/17,19.9,6.35,ACTION,NT249,NT,37.670833,-78.086111,PIEDMONT,2017,291
RICHLOCKS,3/6/17,14.1,4.3,FLOOD,NT249,NT,37.525,-77.421111,PIEDMONT,2017,367.3
LICKRUN,5/5/17,12.24,3.73,ACTION,NT250,NT,37.773611,-79.784444,MOUNTAIN,2017,0
HOLCOMBROCK,5/5/17,18.17,5.54,ACTION,NT250,NT,37.501111,-79.262778,PIEDMONT,2017,112.3
BUCHANAN,5/6/17,15.24,4.65,ACTION,NT250,NT,37.530556,-79.679167,MOUNTAIN,2017,57.7
SCOTTSVILLE,5/6/17,16.98,5.18,ACTION,NT250,NT,37.797222,-78.491667,PIEDMONT,2017,240.3
CARTERSVILLE,5/6/17,18.16,5.82,ACTION,NT250,NT,37.670833,-78.086111,PIEDMONT,2017,291
RICHWEST,5/7/17,13.92,4.56,FLOOD,NT250,NT,37.563056,-77.547222,PIEDMONT,2017,354.6
RICHLOCKS,5/7/17,9.14,2.79,FLOOD,NT250,NT,37.525,-77.421111,PIEDMONT,2017,367.3
JAMESTOWN,5/13/17,4.05,0.86,FLOOD,NT251,NT,37.220139,-76.791453,COASTAL,2017,469.3
BUCHANAN,5/25/17,17.43,5.31,FLOOD,NT252,NT,37.530556,-79.679167,MOUNTAIN,2017,57.7
HOLCOMBROCK,5/25/17,20.11,6.13,ACTION,NT252,NT,37.501111,-79.262778,PIEDMONT,2017,112.3
SCOTTSVILLE,5/26/17,18.02,5.49,ACTION,NT252,NT,37.797222,-78.491667,PIEDMONT,2017,240.3
RICHWEST,5/27/17,14.27,4.66,FLOOD,NT252,NT,37.563056,-77.547222,PIEDMONT,2017,354.6
RICHLOCKS,5/27/17,10.15,3.09,FLOOD,NT252,NT,37.525,-77.421111,PIEDMONT,2017,367.3
JAMESTOWN,6/7/17,4.11,0.88,FLOOD,NT253,NT,37.220139,-76.791453,COASTAL,2017,469.3
SEWELLS,7/29/17,4.59,0.91,FLOOD,NT254,NT,36.946667,-76.33,COASTAL,2017,532
FTMONROE,7/29/17,4.51,0.85,FLOOD,NT254,NT,37.001944,-76.315,COASTAL,2017,538.5
JAMESTOWN,7/30/17,4.08,0.87,FLOOD,NT254,NT,37.220139,-76.791453,COASTAL,2017,469.3
JAMESTOWN,8/29/17,4.33,0.94,FLOOD,NT255,NT,37.220139,-76.791453,COASTAL,2017,469.3
SEWELLS,8/29/17,5.23,1.1,FLOOD,NT255,NT,36.946667,-76.33,COASTAL,2017,532
FTMONROE,8/29/17,5.03,1.01,FLOOD,NT255,NT,37.001944,-76.315,COASTAL,2017,538.5
JAMESTOWN,9/19/17,4.27,0.93,FLOOD,JOSE,BY,37.220139,-76.791453,COASTAL,2017,469.3
SEWELLS,9/19/17,5.23,1.1,FLOOD,JOSE,BY,36.946667,-76.33,COASTAL,2017,532
FTMONROE,9/19/17,5.14,1.05,FLOOD,JOSE,BY,37.001944,-76.315,COASTAL,2017,538.5
SEWELLS,11/8/17,4.9,1,FLOOD,NT256,NT,36.946667,-76.33,COASTAL,2017,532
FTMONROE,11/8/17,4.82,0.95,FLOOD,NT256,NT,37.001944,-76.315,COASTAL,2017,538.5
JAMESTOWN,11/9/17,4.07,0.87,FLOOD,NT256,NT,37.220139,-76.791453,COASTAL,2017,469.3
SCOTTSVILLE,2/11/18,17.55,5.35,ACTION,NT257,NT,37.797222,-78.491667,PIEDMONT,2018,240.3
CARTERSVILLE,2/12/18,20.58,6.55,FLOOD,NT257,NT,37.670833,-78.086111,PIEDMONT,2018,291
RICHWEST,2/12/18,15.4,5.01,MODERATE,NT257,NT,37.563056,-77.547222,PIEDMONT,2018,354.6
RICHLOCKS,2/12/18,11.25,3.43,FLOOD,NT257,NT,37.525,-77.421111,PIEDMONT,2018,367.3
SEWELLS,3/4/18,4.73,0.95,FLOOD,NT258,NT,36.946667,-76.33,COASTAL,2018,532
JAMESTOWN,3/7/18,4.35,0.95,FLOOD,NT258,NT,37.220139,-76.791453,COASTAL,2018,469.3
SEWELLS,3/7/18,4.72,0.95,FLOOD,NT258,NT,36.946667,-76.33,COASTAL,2018,532
FTMONROE,3/7/18,4.71,0.92,FLOOD,NT258,NT,37.001944,-76.315,COASTAL,2018,538.5
BUCHANAN,3/14/18,17.3,5.27,FLOOD,NT259,NT,37.530556,-79.679167,MOUNTAIN,2018,57.7
SEWELLS,3/20/18,4.96,1.02,FLOOD,NT259,NT,36.946667,-76.33,COASTAL,2018,532
FTMONROE,3/20/18,4.88,0.97,FLOOD,NT259,NT,37.001944,-76.315,COASTAL,2018,538.5
JAMESTOWN,3/21/18,4.15,0.89,FLOOD,NT259,NT,37.220139,-76.791453,COASTAL,2018,469.3
LICKRUN,4/16/18,17.24,5.25,FLOOD,NT260,NT,37.773611,-79.784444,MOUNTAIN,2018,0
FTMONROE,4/16/18,4.14,0.74,ACTION,NT260,NT,37.001944,-76.315,COASTAL,2018,538.5
BUCHANAN,4/17/18,18.07,5.51,FLOOD,NT260,NT,37.530556,-79.679167,MOUNTAIN,2018,57.7
HOLCOMBROCK,4/17/18,20.84,6.35,ACTION,NT260,NT,37.501111,-79.262778,PIEDMONT,2018,112.3
SCOTTSVILLE,4/17/18,18.02,5.49,ACTION,NT260,NT,37.797222,-78.491667,PIEDMONT,2018,240.3
CARTERSVILLE,4/18/18,17.61,5.65,ACTION,NT260,NT,37.670833,-78.086111,PIEDMONT,2018,291
RICHWEST,4/18/18,13.64,4.47,FLOOD,NT260,NT,37.563056,-77.547222,PIEDMONT,2018,354.6
RICHLOCKS,4/18/18,8.67,2.64,FLOOD,NT260,NT,37.525,-77.421111,PIEDMONT,2018,367.3
CARTERSVILLE,4/22/18,17,5.46,ACTION,NT260,NT,37.670833,-78.086111,PIEDMONT,2018,291
CARTERSVILLE,5/19/18,18.72,5.99,ACTION,NT261,NT,37.670833,-78.086111,PIEDMONT,2018,291
FTMONROE,5/19/18,4.14,0.74,ACTION,NT261,NT,37.001944,-76.315,COASTAL,2018,538.5
RICHWEST,5/20/18,14.67,4.78,FLOOD,NT261,NT,37.563056,-77.547222,PIEDMONT,2018,354.6
RICHLOCKS,5/20/18,10.87,3.31,FLOOD,NT261,NT,37.525,-77.421111,PIEDMONT,2018,367.3
RICHWEST,6/1/18,11.33,3.77,ACTION,NT262,NT,37.563056,-77.547222,PIEDMONT,2018,354.6
SEWELLS,6/11/18,4.68,0.94,FLOOD,NT263,NT,36.946667,-76.33,COASTAL,2018,532
FTMONROE,6/11/18,4.75,0.93,FLOOD,NT263,NT,37.001944,-76.315,COASTAL,2018,538.5
FTMONROE,7/12/18,4.18,0.75,ACTION,CHRIS18,AT,37.001944,-76.315,COASTAL,2018,538.5
FTMONROE,7/21/18,4.04,0.71,ACTION,NT264,NT,37.001944,-76.315,COASTAL,2018,538.5
SEWELLS,9/9/18,5.16,1.08,FLOOD,NT265,NT,36.946667,-76.33,COASTAL,2018,532
FTMONROE,9/9/18,5.13,1.04,FLOOD,NT265,NT,37.001944,-76.315,COASTAL,2018,538.5
SEWELLS,9/13/18,4.71,0.95,FLOOD,FLORENCE,AT,36.946667,-76.33,COASTAL,2018,532
FTMONROE,9/13/18,4.59,0.88,FLOOD,FLORENCE,AT,37.001944,-76.315,COASTAL,2018,538.5
CARTERSVILLE,9/18/18,20.02,6.38,FLOOD,FLORENCE,AT,37.670833,-78.086111,PIEDMONT,2018,291
RICHWEST,9/19/18,15.12,4.92,MODERATE,FLORENCE,AT,37.563056,-77.547222,PIEDMONT,2018,354.6
RICHLOCKS,9/19/18,10.99,3.35,FLOOD,FLORENCE,AT,37.525,-77.421111,PIEDMONT,2018,367.3
FTMONROE,9/24/18,4.37,0.81,ACTION,NT266,NT,37.001944,-76.315,COASTAL,2018,538.5
CARTERSVILLE,9/29/18,17.77,5.7,ACTION,NT267,NT,37.670833,-78.086111,PIEDMONT,2018,291
RICHWEST,9/30/18,13.7,4.49,FLOOD,NT267,NT,37.563056,-77.547222,PIEDMONT,2018,354.6
RICHLOCKS,9/30/18,9.07,2.76,FLOOD,NT267,NT,37.525,-77.421111,PIEDMONT,2018,367.3
SEWELLS,10/11/18,4.68,0.94,FLOOD,MICHAEL,GH,36.946667,-76.33,COASTAL,2018,532
CARTERSVILLE,10/12/18,19.13,6.11,ACTION,MICHAEL,GH,37.670833,-78.086111,PIEDMONT,2018,291
FTMONROE,10/12/18,4.61,0.89,FLOOD,MICHAEL,GH,37.001944,-76.315,COASTAL,2018,538.5
RICHWEST,10/13/18,15.02,4.89,MODERATE,MICHAEL,GH,37.563056,-77.547222,PIEDMONT,2018,354.6
RICHLOCKS,10/13/18,11.45,3.49,FLOOD,MICHAEL,GH,37.525,-77.421111,PIEDMONT,2018,367.3
FTMONROE,10/26/18,4.24,0.77,ACTION,NT268,NT,37.001944,-76.315,COASTAL,2018,538.5
CARTERSVILLE,11/16/18,17.97,5.76,ACTION,NT269,NT,37.670833,-78.086111,PIEDMONT,2018,291
RICHWEST,11/17/18,14.22,4.65,FLOOD,NT269,NT,37.563056,-77.547222,PIEDMONT,2018,354.6
RICHLOCKS,11/17/18,10.01,3.05,FLOOD,NT269,NT,37.525,-77.421111,PIEDMONT,2018,367.3
RICHWEST,11/25/18,9.92,3.34,ACTION,NT270,NT,37.563056,-77.547222,PIEDMONT,2018,354.6
FTMONROE,11/26/18,4.25,0.78,ACTION,NT270,NT,37.001944,-76.315,COASTAL,2018,538.5
SEWELLS,12/9/18,4.56,0.9,FLOOD,NT271,NT,36.946667,-76.33,COASTAL,2018,532
FTMONROE,12/9/18,4.4,0.82,ACTION,NT271,NT,37.001944,-76.315,COASTAL,2018,538.5
CARTERSVILLE,12/16/18,17.06,5.48,ACTION,NT272,NT,37.670833,-78.086111,PIEDMONT,2018,291
RICHWEST,12/17/18,13.78,4.51,FLOOD,NT272,NT,37.563056,-77.547222,PIEDMONT,2018,354.6
RICHLOCKS,12/17/18,9.7,2.96,FLOOD,NT272,NT,37.525,-77.421111,PIEDMONT,2018,367.3
CARTERSVILLE,12/22/18,19.98,6.37,ACTION,NT273,NT,37.670833,-78.086111,PIEDMONT,2018,291
RICHWEST,12/22/18,15.15,4.93,MODERATE,NT273,NT,37.563056,-77.547222,PIEDMONT,2018,354.6
RICHLOCKS,12/22/18,11.57,3.53,FLOOD,NT273,NT,37.525,-77.421111,PIEDMONT,2018,367.3
CARTERSVILLE,12/29/18,15.06,4.87,ACTION,NT274,NT,37.670833,-78.086111,PIEDMONT,2018,291
RICHWEST,12/29/18,12.57,4.14,FLOOD,NT274,NT,37.563056,-77.547222,PIEDMONT,2018,354.6
RICHLOCKS,12/29/18,7.43,2.26,ACTION,NT274,NT,37.525,-77.421111,PIEDMONT,2018,367.3
BUCHANAN,1/3/19,18.5,5.64,FLOOD,,NT,37.530556,-79.679167,MOUNTAIN,2019,57.7
CARTERSVILLE,1/4/19,23,7.29,MODERATE,,NT,37.670833,-78.086111,PIEDMONT,2019,291
RICHLOCKS,1/5/19,17.2,5.24,FLOOD,,NT,37.525,-77.421111,PIEDMONT,2019,367.3
RICHWEST,1/22/19,10.76,3.59,ACTION,,NT,37.563056,-77.547222,PIEDMONT,2019,354.6
RICHWEST,1/26/19,11.17,3.72,ACTION,,NT,37.563056,-77.547222,PIEDMONT,2019,354.6
BUCHANAN,2/24/19,17.95,5.47,FLOOD,,NT,37.530556,-79.679167,MOUNTAIN,2019,57.7
HOLCOMBROCK,2/24/19,20.27,6.18,ACTION,,NT,37.501111,-79.262778,PIEDMONT,2019,112.3
SCOTTSVILLE,2/24/19,19.49,5.94,ACTION,,NT,37.797222,-78.491667,PIEDMONT,2019,240.3
CARTERSVILLE,2/25/19,21.27,6.77,FLOOD,,NT,37.670833,-78.086111,PIEDMONT,2019,291
RICHWEST,2/25/19,16.22,5.26,MODERATE,,NT,37.563056,-77.547222,PIEDMONT,2019,354.6
RICHLOCKS,2/26/19,13,3.96,FLOOD,,NT,37.525,-77.421111,PIEDMONT,2019,367.3
RICHWEST,3/5/19,11.63,3.86,ACTION,,NT,37.563056,-77.547222,PIEDMONT,2019,354.6
CARTERSVILLE,3/22/19,15.43,4.99,ACTION,,NT,37.670833,-78.086111,PIEDMONT,2019,291
RICHWEST,3/22/19,12.78,4.21,FLOOD,,NT,37.563056,-77.547222,PIEDMONT,2019,354.6
RICHLOCKS,3/22/19,7.8,2.38,ACTION,,NT,37.525,-77.421111,PIEDMONT,2019,367.3
RICHWEST,4/16/19,11.88,3.93,ACTION,,NT,37.563056,-77.547222,PIEDMONT,2019,354.6
RICHWEST,4/21/19,12.35,4.08,FLOOD,,NT,37.563056,-77.547222,PIEDMONT,2019,354.6
JAMESTOWN,5/13/19,4.17,0.9,FLOOD,,NT,37.220139,-76.791453,COASTAL,2019,469.3
SEWELLS,8/26/19,4.94,1.02,MODERATE,,NT,36.946667,-76.33,COASTAL,2019,532
SEWELLS,9/6/19,5.87,1.3,FLOOD,DORIAN,AH,36.946667,-76.33,COASTAL,2019,532
SEWELLS,9/19/19,4.57,0.9,FLOOD,HUMBERTO,BY,36.946667,-76.33,COASTAL,2019,532
CARTERSVILLE,2/4/20,20.2,6.44,FLOOD,,NT,37.670833,-78.086111,PIEDMONT,2020,291
RICHLOCKS,2/5/20,15.7,4.79,FLOOD,,NT,37.525,-77.421111,PIEDMONT,2020,367.3
LICKRUN,2/7/20,13.04,3.97,ACTION,,NT,37.773611,-79.784444,MOUNTAIN,2020,0
BUCHANAN,2/7/20,17.39,5.3,FLOOD,,NT,37.530556,-79.679167,MOUNTAIN,2020,57.7
RICHWEST,2/9/20,13.53,4.44,FLOOD,,NT,37.563056,-77.547222,PIEDMONT,2020,354.6
RICHLOCKS,2/9/20,8.34,2.54,FLOOD,,NT,37.525,-77.421111,PIEDMONT,2020,367.3
HOLCOMBROCK,4/14/20,18.91,5.76,ACTION,,NT,37.501111,-79.262778,PIEDMONT,2020,112.3
RICHWEST,4/14/20,14.6,4.76,FLOOD,,NT,37.563056,-77.547222,PIEDMONT,2020,354.6
RICHLOCKS,4/15/20,10.33,3.15,FLOOD,,NT,37.525,-77.421111,PIEDMONT,2020,367.3
RICHWEST,5/2/20,13.55,4.44,FLOOD,,NT,37.563056,-77.547222,PIEDMONT,2020,354.6
RICHLOCKS,5/2/20,8.91,2.72,FLOOD,,NT,37.525,-77.421111,PIEDMONT,2020,367.3
RICHWEST,5/23/20,14.15,4.63,FLOOD,,NT,37.563056,-77.547222,PIEDMONT,2020,354.6
RICHWEST,6/20/20,12.45,4.11,FLOOD,,NT,37.563056,-77.547222,PIEDMONT,2020,354.6
RICHWEST,9/1/20,12.07,3.99,FLOOD,,NT,37.563056,-77.547222,PIEDMONT,2020,354.6
RICHWEST,10/31/20,15.05,4.9,MODERATE,ZETA,GH,37.563056,-77.547222,PIEDMONT,2020,354.6
RICHLOCKS,10/31/20,11.36,3.46,FLOOD,ZETA,GH,37.525,-77.421111,PIEDMONT,2020,367.3
BUCHANAN,11/13/20,13.79,4.2,ACTION,ETA,GH,37.530556,-79.679167,MOUNTAIN,2020,57.7
CARTERSVILLE,11/13/20,24.12,7.63,MODERATE,ETA,GH,37.670833,-78.086111,PIEDMONT,2020,291
RICHWEST,11/14/20,18.33,5.9,MODERATE,ETA,GH,37.563056,-77.547222,PIEDMONT,2020,354.6
RICHLOCKS,11/14/20,16.96,5.17,FLOOD,ETA,GH,37.525,-77.421111,PIEDMONT,2020,367.3
RICHWEST,12/1/20,13.22,4.34,FLOOD,,NT,37.563056,-77.547222,PIEDMONT,2020,354.6
RICHLOCKS,12/1/20,8.22,2.51,FLOOD,,NT,37.525,-77.421111,PIEDMONT,2020,367.3
RICHWEST,12/6/20,12.75,4.2,FLOOD,,NT,37.563056,-77.547222,PIEDMONT,2020,354.6
RICHWEST,12/26/20,14.02,4.59,FLOOD,,NT,37.563056,-77.547222,PIEDMONT,2020,354.6
RICHLOCKS,12/26/20,9.16,2.79,FLOOD,,NT,37.525,-77.421111,PIEDMONT,2020,367.3
RICHWEST,2/17/21,13.13,4.32,FLOOD,,NT,37.563056,-77.547222,PIEDMONT,2021,354.6
RICHLOCKS,2/17/21,8.44,2.57,FLOOD,,NT,37.525,-77.421111,PIEDMONT,2021,367.3
RICHWEST,3/2/21,12.55,4.14,FLOOD,,NT,37.563056,-77.547222,PIEDMONT,2021,354.6
RICHWEST,01/27/2020 (P),9.82,3.31,ACTION,,NT,37.563056,-77.547222,PIEDMONT,,354.6
JAMESTOWN,03/19/2021 (P),4.21,0.91,FLOOD,,NT,37.220139,-76.791453,COASTAL,,469.3
SEWELLS,03/19/2021 (P),4.6,0.91,FLOOD,,NT,36.946667,-76.33,COASTAL,,532
FTMONROE,03/19/2021 (P),4.51,0.85,FLOOD,,NT,37.001944,-76.315,COASTAL,,538.5
SEWELLS,03/25/2020 (P),4.5,0.88,FLOOD,,NT,36.946667,-76.33,COASTAL,,532
JAMESTOWN,04/01/2020 (P),4.93,1.13,MODERATE,,NT,37.220139,-76.791453,COASTAL,,469.3
SEWELLS,04/01/2020 (P),5.45,1.17,FLOOD,,NT,36.946667,-76.33,COASTAL,,532
FTMONROE,04/01/2020 (P),5.4,1.13,FLOOD,,NT,37.001944,-76.315,COASTAL,,538.5
SEWELLS,04/09/2020 (P),4.56,0.9,FLOOD,,NT,36.946667,-76.33,COASTAL,,532
FTMONROE,04/09/2020 (P),4.58,0.88,FLOOD,,NT,37.001944,-76.315,COASTAL,,538.5
JAMESTOWN,04/13/2021 (P),4.08,0.87,FLOOD,,NT,37.220139,-76.791453,COASTAL,,469.3
BUCHANAN,04/14/2020 (P),17.14,5.22,FLOOD,,NT,37.530556,-79.679167,MOUNTAIN,,57.7
JAMESTOWN,05/05/2016 (P),4.66,1.05,MODERATE,,NT,37.220139,-76.791453,COASTAL,,469.3
SEWELLS,05/06/2020 (P),4.53,0.89,FLOOD,,NT,36.946667,-76.33,COASTAL,,532
FTMONROE,05/06/2020 (P),4.51,0.85,FLOOD,,NT,37.001944,-76.315,COASTAL,,538.5
JAMESTOWN,05/19/2020 (P),4.78,1.08,MODERATE,ARTHUR,AH,37.220139,-76.791453,COASTAL,,469.3
SEWELLS,05/19/2020 (P),4.94,1.02,FLOOD,ARTHUR,AH,36.946667,-76.33,COASTAL,,532
FTMONROE,05/19/2020 (P),4.84,0.96,FLOOD,ARTHUR,AH,37.001944,-76.315,COASTAL,,538.5
BUCHANAN,05/22/2020 (P),19.56,5.96,FLOOD,,NT,37.530556,-79.679167,MOUNTAIN,,57.7
JAMESTOWN,06/16/2020 (P),4.4,0.97,FLOOD,,NT,37.220139,-76.791453,COASTAL,,469.3
SEWELLS,06/16/2020 (P),4.56,0.9,FLOOD,,NT,36.946667,-76.33,COASTAL,,532
LICKRUN,06/18/2020 (P),16.32,4.97,FLOOD,,NT,37.773611,-79.784444,MOUNTAIN,,0
BUCHANAN,06/18/2020 (P),19.21,5.86,FLOOD,,NT,37.530556,-79.679167,MOUNTAIN,,57.7
JAMESTOWN,08/15/2020 (P),4.5,1,FLOOD,,NT,37.220139,-76.791453,COASTAL,,469.3
JAMESTOWN,08/16/2020 (P),4.22,0.91,FLOOD,,NT,37.220139,-76.791453,COASTAL,,469.3
SEWELLS,08/16/2020 (P),4.64,0.92,FLOOD,,NT,36.946667,-76.33,COASTAL,,532
FTMONROE,08/16/2020 (P),4.61,0.89,FLOOD,,NT,37.001944,-76.315,COASTAL,,538.5
JAMESTOWN,08/26/2019 (P),4.6,1.03,MODERATE,,NT,37.220139,-76.791453,COASTAL,,469.3
FTMONROE,08/26/2019 (P),4.9,0.97,FLOOD,,NT,37.001944,-76.315,COASTAL,,538.5
JAMESTOWN,09/06/2019 (P),4.63,1.04,MODERATE,DORIAN,AH,37.220139,-76.791453,COASTAL,,469.3
FTMONROE,09/06/2019 (P),5.8,1.25,MODERATE,DORIAN,AH,37.001944,-76.315,COASTAL,,538.5
JAMESTOWN,09/19/2019 (P),4.09,0.87,FLOOD,HUMBERTO,BY,37.220139,-76.791453,COASTAL,,469.3
JAMESTOWN,09/21/2020 (P),4.43,0.98,FLOOD,,NT,37.220139,-76.791453,COASTAL,,469.3
SEWELLS,09/21/2020 (P),5.1,1.06,FLOOD,,NT,36.946667,-76.33,COASTAL,,532
FTMONROE,09/21/2020 (P),5.02,1.01,FLOOD,,NT,37.001944,-76.315,COASTAL,,538.5
LICKRUN,09/28/2018 (P),17.19,5.24,FLOOD,,NT,37.773611,-79.784444,MOUNTAIN,,0
JAMESTOWN,10/11/2019 (P),4.89,1.12,MODERATE,MELISSA,BY,37.220139,-76.791453,COASTAL,,469.3
JAMESTOWN,10/11/2019 (P),4.67,1.05,MODERATE,MELISSA,BY,37.220139,-76.791453,COASTAL,,469.3
SEWELLS,10/11/2019 (P),5.38,1.15,FLOOD,MELISSA,BY,36.946667,-76.33,COASTAL,,532
SEWELLS,10/11/2019 (P),5.33,1.13,FLOOD,MELISSA,BY,36.946667,-76.33,COASTAL,,532
FTMONROE,10/11/2019 (P),5.33,1.1,FLOOD,MELISSA,BY,37.001944,-76.315,COASTAL,,538.5
FTMONROE,10/11/2019 (P),5.24,1.08,FLOOD,MELISSA,BY,37.001944,-76.315,COASTAL,,538.5
JAMESTOWN,10/12/2019 (P),4.73,1.07,MODERATE,MELISSA,BY,37.220139,-76.791453,COASTAL,,469.3
JAMESTOWN,10/12/2019 (P),4.5,1,FLOOD,MELISSA,BY,37.220139,-76.791453,COASTAL,,469.3
SEWELLS,10/12/2019 (P),5.23,1.1,FLOOD,MELISSA,BY,36.946667,-76.33,COASTAL,,532
FTMONROE,10/12/2019 (P),5.18,1.06,FLOOD,MELISSA,BY,37.001944,-76.315,COASTAL,,538.5
SEWELLS,10/17/2020 (P),4.65,0.93,FLOOD,,NT,36.946667,-76.33,COASTAL,,532
FTMONROE,10/17/2020 (P),4.63,0.89,FLOOD,,NT,37.001944,-76.315,COASTAL,,538.5
SEWELLS,10/28/2019 (P),4.6,0.91,FLOOD,,NT,36.946667,-76.33,COASTAL,,532
FTMONROE,10/28/2019 (P),4.54,0.86,FLOOD,,NT,37.001944,-76.315,COASTAL,,538.5
SCOTTSVILLE,10/30/2020 (P),16.36,4.99,ACTION,ZETA,GH,37.797222,-78.491667,PIEDMONT,,240.3
JAMESTOWN,10/31/2020 (P),4.21,0.91,FLOOD,ZETA,GH,37.220139,-76.791453,COASTAL,,469.3
SCOTTSVILLE,11/12/2020 (P),19.52,5.95,ACTION,,NT,37.797222,-78.491667,PIEDMONT,,240.3
JAMESTOWN,11/14/2020 (P),4.24,0.92,FLOOD,,NT,37.220139,-76.791453,COASTAL,,469.3
JAMESTOWN,11/17/2019 (P),4.58,1.02,MODERATE,,NT,37.220139,-76.791453,COASTAL,,469.3
SEWELLS,11/17/2019 (P),5.35,1.14,FLOOD,,NT,36.946667,-76.33,COASTAL,,532
FTMONROE,11/17/2019 (P),5.22,1.07,FLOOD,,NT,37.001944,-76.315,COASTAL,,538.5
SCOTTSVILLE,12/01/2020 (P),14.64,4.46,ACTION,,NT,37.797222,-78.491667,PIEDMONT,,240.3
SCOTTSVILLE,12/05/2020 (P),12.62,3.85,ACTION,,NT,37.797222,-78.491667,PIEDMONT,,240.3
SCOTTSVILLE,12/25/2020 (P),12.65,3.86,ACTION,,NT,37.797222,-78.491667,,,240.3